antenna_array_size,transmission_power,beamwidth,channel_gain,interference_level,user_density,carrier_frequency,mobility_speed,spectral_efficiency
96,13.51,10.16,-68.35,0.39,626,79.21,82,13.04
128,38.19,55.03,-67.27,0.97,515,71.42,41,12.13
32,28.83,41.81,-114.89,0.7,927,67.79,90,2.27
96,20.05,50.61,-84.72,0.08,329,43.07,56,6.87
96,14.18,53.34,-118.27,0.86,562,74.53,97,4.54
128,33.82,36.45,-124.75,0.48,224,51.51,67,3.13
32,28.6,33.46,-125.23,0.07,80,42.97,119,4.57
32,26.0,28.67,-112.63,0.55,577,49.13,37,7.22
96,36.82,22.43,-105.6,0.42,928,73.98,61,11.35
64,33.66,28.9,-73.52,0.88,245,36.17,6,4.81
96,14.55,47.56,-130.41,0.2,290,53.09,111,2.47
96,19.35,38.11,-81.21,0.83,996,55.08,70,9.65
96,17.45,54.09,-97.48,0.56,626,30.01,49,6.39
96,32.32,29.39,-116.96,0.05,911,38.77,51,9.53
128,11.01,38.39,-100.57,0.97,896,73.47,25,5.27
32,27.1,39.72,-116.0,0.51,171,73.69,25,8.35
128,32.87,37.54,-92.31,0.29,200,44.08,117,8.27
128,36.3,43.64,-105.29,0.47,18,76.12,18,7.45
128,20.26,18.06,-126.85,0.86,69,70.45,8,5.29
96,34.64,33.18,-130.67,0.3,902,50.98,60,8.01
64,13.32,10.73,-96.26,0.19,826,69.16,19,10.29
32,35.39,26.15,-67.81,0.13,234,80.87,105,12.62
64,13.82,31.82,-112.48,0.3,828,53.24,108,7.16
128,21.92,40.87,-81.36,0.78,709,41.11,49,6.44
128,33.92,57.28,-87.31,0.47,591,79.8,79,11.9
64,14.5,38.04,-65.48,0.23,814,61.21,117,7.07
64,16.88,45.9,-74.32,0.17,296,33.79,80,9.74
64,31.67,32.84,-94.67,0.33,178,59.5,21,8.83
128,31.6,39.88,-87.44,0.94,71,55.53,12,8.06
128,29.23,8.9,-68.13,0.34,358,75.06,11,14.88
32,30.82,18.99,-108.04,0.99,451,57.19,9,4.16
32,26.28,24.9,-113.86,0.49,23,42.04,64,3.18
128,17.55,30.99,-139.14,0.18,173,65.16,95,1.61
64,20.37,7.51,-73.88,0.89,429,57.84,29,9.25
64,15.45,12.7,-75.92,0.46,766,40.82,7,10.0
32,37.25,20.22,-131.64,0.71,856,59.55,20,6.36
128,27.5,58.43,-93.85,0.98,529,73.18,21,7.96
32,22.03,23.22,-102.88,0.05,675,29.57,17,8.05
32,23.86,31.51,-130.5,0.1,557,62.7,65,7.22
96,38.42,15.79,-61.55,0.72,569,47.23,47,12.69
96,14.6,38.59,-122.82,0.28,606,44.1,43,4.17
96,27.59,20.44,-134.62,0.18,37,49.59,8,4.88
64,25.18,16.38,-92.41,0.04,717,46.81,66,7.79
128,28.34,33.41,-80.89,0.02,455,73.77,53,13.37
128,10.54,5.3,-137.4,0.77,217,43.11,25,2.91
128,36.16,5.42,-87.3,0.13,479,68.32,84,11.38
128,37.96,17.05,-97.42,0.47,725,33.17,93,10.69
96,26.95,7.02,-131.74,0.61,985,80.33,91,6.92
64,30.9,10.94,-126.2,0.43,828,62.23,99,4.16
64,37.67,23.64,-94.56,0.03,113,66.87,25,13.79
96,31.22,49.14,-116.29,0.78,751,44.39,33,1.84
64,14.58,36.46,-64.93,0.01,435,50.67,7,12.71
96,27.29,33.2,-74.5,0.76,110,40.31,9,8.0
128,28.2,21.14,-61.31,0.89,550,79.29,47,12.27
96,22.72,56.25,-119.23,0.43,648,54.85,54,4.33
128,32.09,26.84,-62.42,0.54,859,62.67,106,12.89
128,38.03,9.79,-105.5,0.48,531,68.38,113,11.29
32,37.77,38.94,-112.2,0.39,115,48.41,53,3.78
96,23.53,11.26,-135.97,0.89,688,67.61,77,5.82
32,13.4,23.99,-135.78,0.89,987,65.18,39,4.65
96,39.55,32.91,-84.64,0.34,778,66.81,118,11.57
96,35.17,53.08,-103.37,0.62,816,54.91,14,7.34
32,13.74,32.15,-121.88,0.93,286,49.06,80,1.14
32,37.63,43.62,-90.88,0.96,74,40.21,116,2.67
96,36.1,59.6,-119.77,0.51,792,73.35,17,6.78
64,25.57,12.23,-93.79,0.45,909,61.46,95,8.93
128,27.74,20.11,-111.26,0.28,197,52.44,101,8.06
32,21.97,26.7,-74.12,0.96,326,79.92,22,8.12
128,11.64,28.2,-74.34,0.14,925,30.63,61,11.55
64,20.06,27.61,-101.81,0.58,147,74.76,45,6.0
64,34.09,54.92,-111.93,0.28,352,82.87,86,6.11
64,10.14,44.27,-111.0,0.28,114,76.78,98,7.73
32,20.0,38.43,-75.54,0.4,555,72.57,38,7.18
64,21.95,22.02,-113.75,1.0,389,48.59,14,2.69
32,26.12,50.31,-123.28,0.05,119,40.72,52,4.25
64,37.6,57.53,-133.22,0.58,953,68.42,87,6.87
128,20.39,50.17,-102.66,0.08,554,44.75,63,8.54
128,20.41,5.09,-101.43,0.15,363,37.68,62,12.0
96,32.13,40.0,-72.73,0.44,752,71.26,91,11.08
128,23.57,7.81,-122.3,0.51,326,45.19,79,4.0
96,16.74,19.17,-109.52,0.26,275,78.29,15,8.97
128,23.57,8.27,-75.33,0.32,703,74.23,103,12.2
32,14.23,38.21,-74.11,0.09,861,74.62,102,10.48
128,15.29,42.76,-109.23,0.3,74,70.44,69,4.57
96,24.95,11.3,-103.27,0.97,342,76.45,65,7.71
96,22.57,26.11,-115.74,0.94,522,72.32,117,4.48
64,37.45,30.09,-65.4,0.33,142,61.14,12,10.09
32,20.87,25.3,-130.51,0.57,601,44.27,107,3.43
128,27.42,11.66,-65.3,0.91,792,76.85,46,11.12
64,28.97,28.04,-85.29,0.01,762,74.23,8,12.33
128,10.39,46.31,-97.47,0.81,549,54.01,62,4.31
128,29.91,8.91,-137.39,0.95,744,30.15,33,1.0
64,15.34,9.41,-101.95,0.09,544,63.12,80,9.95
64,38.83,24.51,-107.38,0.16,505,30.78,90,3.04
64,14.46,56.79,-127.1,0.96,630,78.95,28,1.11
64,22.44,41.77,-87.49,0.54,628,80.89,36,11.81
64,12.56,42.33,-62.31,0.01,666,38.42,42,9.08
128,39.91,24.91,-95.02,0.26,378,65.2,85,10.19
64,25.07,37.65,-82.82,0.45,875,33.07,114,8.48
32,27.86,5.56,-134.52,0.69,918,68.12,63,5.05
96,12.01,39.99,-106.59,0.73,919,47.1,23,6.4
64,32.5,55.23,-130.69,1.0,660,65.46,70,4.12
64,16.3,38.69,-90.98,0.29,805,48.51,33,9.0
128,36.94,53.05,-64.92,0.54,819,36.01,47,8.14
64,16.15,44.82,-87.06,0.53,108,50.34,11,4.64
64,15.72,11.63,-133.86,0.41,326,34.2,22,7.39
64,11.1,54.63,-111.63,0.17,132,59.73,78,3.04
128,24.16,8.65,-95.95,0.98,329,30.25,96,8.19
64,26.95,34.37,-107.74,0.85,808,57.0,120,6.84
96,11.97,12.82,-73.31,0.5,602,76.75,12,12.55
128,33.27,5.64,-74.83,0.6,504,74.08,86,12.6
96,23.6,28.21,-91.05,0.23,466,76.55,101,9.19
128,25.73,21.23,-110.12,0.54,531,78.71,95,8.19
64,23.22,31.73,-119.57,0.69,529,33.75,44,1.92
96,22.02,36.75,-131.53,0.52,926,35.08,113,2.76
128,26.79,7.41,-111.61,0.99,726,58.64,98,3.83
32,14.66,11.77,-106.95,0.61,324,77.17,64,3.92
64,15.46,35.73,-85.93,0.37,955,81.59,46,12.8
128,35.85,23.87,-87.35,0.77,718,30.54,57,5.41
32,38.38,45.1,-134.39,0.17,719,47.57,108,6.32
128,21.2,40.88,-108.38,0.38,551,39.71,4,4.14
32,18.12,51.51,-125.46,0.35,488,69.58,120,4.01
64,29.32,43.09,-127.45,0.43,922,63.21,76,5.95
96,22.26,28.65,-73.82,0.78,980,34.59,117,8.63
32,10.76,42.01,-136.65,0.48,29,54.59,4,1.0
128,14.68,20.15,-106.47,0.79,569,65.7,59,3.22
64,31.48,21.85,-126.54,0.58,978,70.85,95,6.9
32,29.77,48.39,-69.65,0.34,139,29.1,114,5.38
128,10.81,29.55,-95.44,0.81,302,76.98,20,6.73
128,16.66,48.91,-121.49,0.24,906,59.31,23,8.69
128,16.93,50.23,-99.81,0.22,141,72.66,17,7.54
32,30.16,52.17,-81.48,0.5,365,72.44,20,6.94
32,10.59,55.41,-63.35,0.26,63,38.44,53,3.92
32,13.12,28.7,-122.36,0.01,899,34.06,9,5.85
96,34.0,22.54,-69.11,0.65,802,67.67,23,12.03
32,15.36,37.02,-65.26,0.51,396,36.6,103,8.89
32,29.58,25.41,-66.69,0.45,274,74.75,110,11.52
32,17.15,38.06,-89.17,0.97,991,67.94,84,6.59
96,12.98,43.81,-89.61,0.57,224,74.3,88,6.51
32,17.3,42.86,-107.74,0.86,469,44.45,115,1.02
128,31.67,25.6,-79.81,0.14,467,45.41,59,11.78
32,35.67,14.18,-97.5,0.57,811,64.92,56,9.99
128,34.91,28.68,-85.8,0.87,52,29.73,22,5.82
128,21.92,12.84,-105.72,0.58,595,67.96,21,6.3
128,30.04,53.96,-81.48,0.72,871,73.97,67,9.2
96,16.15,24.02,-74.04,0.37,287,50.83,33,8.68
96,18.79,13.5,-128.29,0.09,847,70.07,119,7.07
96,36.89,6.4,-73.37,0.46,763,37.6,69,10.55
32,10.39,40.52,-96.78,0.39,139,45.72,27,4.53
128,12.57,40.03,-72.43,0.87,359,81.59,94,8.29
96,16.24,23.73,-105.5,0.24,715,82.25,98,9.83
96,10.8,8.94,-109.68,0.97,553,56.19,38,5.59
32,15.44,27.53,-66.8,0.96,115,79.38,41,7.93
96,27.49,22.12,-119.91,0.25,921,56.75,22,9.29
32,22.64,42.24,-72.46,0.35,725,44.04,69,8.95
64,36.78,38.32,-101.28,0.9,10,42.68,79,1.0
96,34.52,25.05,-98.87,0.97,766,79.12,1,9.32
64,20.25,16.98,-115.32,0.44,593,37.48,23,5.1
32,17.78,59.34,-94.16,0.32,441,59.88,16,8.85
128,21.39,29.97,-113.98,0.53,315,58.55,108,5.38
96,27.71,42.86,-136.86,0.69,918,68.68,64,3.15
32,18.04,12.73,-118.24,0.27,536,55.46,69,7.04
128,28.72,31.71,-139.49,0.74,62,42.98,68,2.75
128,22.28,6.51,-61.73,0.05,949,37.32,120,12.76
64,26.56,32.8,-62.74,0.05,529,62.15,108,12.72
32,23.08,58.02,-108.39,0.39,339,67.54,59,1.29
128,18.83,26.13,-81.73,0.35,567,59.32,118,4.85
96,38.45,7.14,-112.34,0.32,334,68.61,49,8.6
96,32.91,6.7,-86.31,0.49,123,35.78,92,7.5
64,14.2,26.34,-75.57,0.32,156,76.54,11,12.52
128,36.05,13.8,-64.26,0.19,175,60.03,102,10.94
32,24.62,6.28,-107.98,0.31,388,34.98,46,5.05
96,36.84,46.59,-77.34,0.97,148,53.41,66,5.95
128,34.0,30.22,-118.73,0.41,638,74.46,111,7.63
128,22.76,20.91,-60.77,0.44,308,77.37,64,11.53
64,10.67,54.5,-137.94,0.58,285,42.56,26,1.0
96,18.06,11.39,-91.72,0.98,925,67.12,47,10.14
96,26.25,57.58,-87.24,0.24,798,33.5,87,8.88
32,29.0,22.27,-84.96,0.68,859,29.85,61,6.75
96,17.74,53.86,-130.37,0.72,834,58.82,43,5.93
32,14.18,38.16,-64.92,0.61,187,66.22,18,8.55
96,35.05,50.47,-125.51,0.09,851,71.77,58,11.28
64,39.53,59.12,-90.18,0.68,363,46.71,7,5.47
96,25.77,20.86,-122.19,0.06,163,28.36,54,4.51
32,15.15,57.86,-115.42,0.6,935,54.37,107,1.54
32,18.17,26.42,-96.28,0.74,210,28.87,46,2.37
64,10.55,26.2,-106.62,0.21,887,33.06,1,7.37
96,37.43,23.72,-127.18,0.84,124,45.97,93,3.04
96,13.53,34.78,-126.33,0.03,680,52.04,93,8.78
64,27.3,13.48,-106.55,0.84,563,43.37,112,5.06
96,18.22,35.45,-79.42,0.46,768,60.0,38,9.01
96,26.63,34.79,-68.16,0.22,77,31.04,44,8.53
32,29.54,46.9,-133.27,0.13,454,35.95,31,6.49
96,34.89,50.85,-108.55,0.95,454,66.24,64,6.04
96,16.19,29.22,-131.98,0.07,335,35.82,37,6.9
64,10.33,21.63,-138.67,0.2,855,63.19,76,4.76
64,14.11,19.26,-87.06,0.35,717,31.01,10,6.95
128,37.0,15.7,-91.8,0.62,611,50.41,9,9.73
32,36.22,8.17,-126.96,0.54,632,37.76,111,3.75
96,27.92,23.83,-121.29,0.13,889,34.03,58,6.18
96,28.02,19.86,-138.1,0.29,368,59.19,89,5.86
128,29.95,58.15,-73.2,0.24,154,79.06,119,10.24
96,15.26,35.67,-62.02,0.21,284,31.01,54,10.32
32,37.43,24.1,-129.16,0.41,518,51.19,19,3.95
128,22.56,36.93,-121.48,0.7,188,66.91,80,2.54
32,21.49,12.66,-70.53,0.22,762,53.45,16,13.37
128,25.57,29.42,-65.88,0.37,847,72.36,67,13.63
128,11.41,39.44,-106.43,0.39,840,37.88,4,6.98
64,14.99,31.89,-135.95,0.98,486,80.78,59,4.12
32,32.14,27.1,-136.85,0.95,852,49.18,22,1.88
96,12.48,59.66,-94.08,0.8,985,46.79,45,3.62
96,28.09,53.42,-108.57,0.24,423,76.1,51,7.2
32,17.36,39.29,-137.71,0.07,162,59.01,9,1.5
96,21.68,36.32,-93.34,0.32,113,56.4,45,7.51
96,18.66,39.14,-139.1,0.27,84,67.98,27,3.76
32,20.67,16.07,-77.01,0.51,137,59.89,96,5.82
128,31.57,26.73,-115.49,0.78,720,36.94,42,4.34
32,18.91,7.17,-136.78,0.86,675,65.08,25,4.02
128,26.99,31.16,-92.93,0.84,577,35.34,54,4.55
96,24.28,34.87,-108.19,0.36,799,72.32,113,8.4
96,29.91,17.53,-62.1,0.69,354,82.44,47,12.92
96,38.1,58.02,-96.46,0.31,540,48.76,28,8.31
64,31.98,55.02,-117.98,0.06,168,52.46,26,5.98
128,16.45,44.72,-83.24,0.7,547,30.55,17,6.09
64,10.94,34.34,-118.28,0.01,435,28.76,103,3.24
64,17.87,52.85,-67.66,0.41,690,78.68,59,12.23
32,27.85,12.19,-110.02,0.33,32,35.07,73,4.97
64,11.54,48.48,-96.01,0.69,56,52.52,105,3.15
32,24.89,11.87,-135.95,0.77,534,72.84,68,5.11
32,27.91,48.68,-105.91,0.3,738,76.91,73,6.22
64,20.03,20.17,-73.41,0.81,843,56.57,113,6.62
128,33.13,53.24,-75.55,0.29,715,59.08,20,12.09
128,13.2,56.92,-122.05,0.45,153,64.83,23,5.42
128,12.25,13.18,-121.91,0.73,594,80.88,101,8.6
128,31.85,30.45,-74.62,0.69,677,61.15,2,10.91
128,24.86,58.95,-65.57,0.99,598,58.77,103,6.39
64,30.65,31.59,-132.37,0.23,428,28.8,94,4.53
64,23.04,52.5,-104.0,0.66,690,32.45,61,3.25
96,17.39,37.38,-113.0,0.61,982,59.74,104,7.93
128,34.57,25.64,-70.34,0.92,808,79.49,100,9.03
64,33.98,20.72,-133.32,0.16,94,75.67,1,9.63
96,30.84,16.18,-123.11,0.75,425,82.04,65,8.04
128,18.16,46.9,-79.8,0.57,703,57.03,102,9.15
32,27.71,26.26,-135.9,0.27,491,71.34,112,5.24
96,20.83,33.12,-100.6,0.47,465,74.22,41,9.78
64,12.75,32.08,-104.63,0.33,836,63.64,107,6.26
32,37.52,36.75,-113.25,0.58,306,46.63,33,3.95
32,14.1,52.61,-108.43,0.89,121,53.85,41,1.0
32,38.51,58.94,-97.6,0.57,971,75.19,19,7.56
96,23.38,27.42,-127.09,0.63,239,44.42,96,1.53
64,15.55,50.51,-94.24,0.52,105,78.81,67,6.01
32,26.26,47.05,-75.57,0.05,959,40.64,44,10.19
128,36.19,36.54,-79.19,0.23,689,69.22,107,12.5
32,31.97,57.58,-127.69,0.49,387,62.68,74,5.25
32,34.2,16.03,-128.06,0.31,165,69.23,41,6.25
96,29.76,11.01,-118.55,0.18,430,52.05,46,12.21
96,30.77,51.97,-111.11,0.5,114,79.3,4,8.68
64,35.48,29.15,-107.32,0.32,714,62.79,88,8.55
128,17.49,51.58,-85.62,0.26,339,43.86,48,6.94
96,24.68,54.12,-135.47,0.46,448,63.12,36,2.79
32,16.64,8.44,-137.23,0.13,141,43.77,33,4.08
64,39.63,53.59,-108.65,0.93,876,44.15,72,1.14
32,38.32,29.66,-84.23,0.87,391,49.98,69,8.12
32,11.18,33.07,-124.53,0.71,147,74.88,17,1.0
96,31.17,39.46,-88.68,0.11,952,55.52,77,11.4
64,37.76,55.95,-119.21,0.78,852,65.34,18,4.76
128,15.42,6.05,-69.11,0.81,279,49.56,77,6.5
128,27.04,31.23,-68.34,0.77,559,42.5,39,7.96
96,37.46,42.82,-116.22,0.11,405,80.51,16,13.82
96,11.02,44.75,-121.6,0.64,566,61.2,59,1.72
64,30.92,43.09,-107.1,0.83,922,79.37,98,8.11
128,18.92,12.39,-120.76,0.58,473,39.19,92,5.89
128,37.73,21.47,-86.21,0.65,684,36.08,41,5.92
128,39.13,24.73,-73.91,0.46,459,75.07,80,11.69
32,38.33,49.24,-86.15,0.53,340,65.45,106,9.22
128,24.23,20.33,-74.05,0.03,262,38.26,71,8.52
32,35.86,16.59,-108.24,0.64,690,42.81,64,8.16
64,35.34,57.66,-127.49,0.08,972,72.04,108,7.98
32,19.57,5.49,-80.96,0.44,294,52.96,52,8.14
64,34.87,59.88,-111.16,0.29,283,64.88,99,5.83
128,11.11,42.23,-86.3,0.55,29,45.51,6,6.13
128,27.89,50.57,-118.35,0.13,248,48.97,109,3.82
64,16.9,21.2,-133.5,0.69,279,82.49,4,4.8
96,13.62,5.79,-60.59,0.8,427,41.62,23,9.16
64,12.31,45.58,-127.5,0.16,954,55.86,27,6.61
96,30.89,50.88,-60.93,0.1,319,74.44,61,13.28
32,20.2,45.73,-61.82,0.15,40,41.16,106,5.52
32,31.74,12.86,-76.49,0.88,835,50.84,16,10.38
32,11.96,46.44,-87.25,0.53,113,61.83,100,3.78
128,19.46,47.29,-93.78,0.47,691,54.47,19,5.98
32,26.18,41.22,-70.71,0.11,195,53.27,2,9.51
96,33.72,47.14,-116.84,0.65,137,47.94,36,2.76
32,19.56,51.53,-102.59,0.87,219,60.27,89,1.0
64,28.78,38.75,-90.45,0.83,423,62.34,14,6.35
64,36.58,9.87,-107.1,0.63,290,63.93,50,8.87
128,28.48,31.82,-105.8,0.08,968,31.87,47,8.77
64,16.99,9.27,-113.58,0.11,262,62.71,7,9.13
96,10.73,27.41,-94.86,0.05,28,80.43,12,10.07
32,36.1,27.39,-71.95,0.26,721,57.75,47,10.96
128,10.64,8.63,-123.88,0.14,741,67.34,2,9.52
32,36.24,24.19,-65.25,0.26,145,58.62,64,12.13
32,25.87,11.1,-84.87,0.39,232,75.01,72,9.7
96,38.17,49.45,-74.14,0.94,12,79.13,30,9.15
64,33.96,57.12,-95.5,0.61,972,38.13,104,7.42
64,39.94,8.98,-77.64,0.83,245,52.03,117,8.03
32,20.52,57.53,-138.7,0.71,863,49.58,25,1.0
128,33.02,33.74,-74.53,0.11,474,50.29,80,11.97
64,22.06,21.48,-136.79,0.74,237,34.9,55,1.0
128,24.4,9.23,-68.81,0.28,922,72.75,33,18.11
64,28.83,32.53,-60.64,0.64,663,29.97,8,9.89
128,36.21,48.7,-116.47,0.34,508,57.05,61,6.69
96,39.52,43.89,-123.17,1.0,530,64.4,119,4.11
128,33.05,7.76,-78.77,0.26,711,39.41,114,11.18
96,22.53,9.01,-119.76,0.28,871,77.82,12,8.71
96,22.64,27.16,-70.76,0.93,926,74.12,68,11.14
128,32.13,21.24,-131.77,0.02,981,53.91,40,9.94
96,17.16,17.78,-129.92,0.7,686,50.61,76,5.79
32,13.31,20.46,-61.67,0.73,148,41.01,0,6.53
96,20.64,49.19,-86.09,0.84,285,68.15,88,7.18
64,18.62,56.11,-72.25,0.97,300,35.25,46,3.67
128,18.89,27.28,-114.05,0.98,62,65.41,3,5.79
32,17.01,54.84,-85.88,0.07,696,74.34,99,7.99
128,11.26,22.68,-92.46,0.82,119,40.57,62,4.1
64,10.54,31.2,-91.75,0.65,724,75.65,51,4.92
64,39.63,17.43,-85.4,0.65,957,29.83,9,9.76
64,22.83,40.23,-93.97,0.13,657,78.2,27,8.94
96,21.53,58.84,-105.68,0.65,13,34.51,120,1.0
96,30.39,38.19,-117.93,0.98,676,63.52,5,4.47
128,16.55,24.68,-78.51,0.91,693,41.75,26,8.18
128,38.5,40.63,-121.9,0.44,945,74.01,119,8.4
32,33.59,11.76,-84.61,0.04,879,56.18,11,13.88
32,12.68,53.88,-121.33,0.36,56,35.44,61,1.0
128,22.53,32.67,-89.97,0.83,103,59.4,51,7.46
96,36.37,29.71,-80.23,0.7,949,50.43,47,10.32
64,38.34,37.22,-122.5,0.46,569,64.38,66,7.3
128,24.02,39.36,-135.2,0.06,761,76.5,45,8.32
32,28.4,8.95,-129.52,0.43,868,50.52,96,7.51
96,15.01,42.54,-91.52,0.47,222,43.94,73,6.46
128,39.74,18.31,-72.04,0.93,445,28.8,94,7.18
128,16.95,44.27,-136.4,0.64,861,59.62,14,4.09
96,38.28,50.24,-81.27,0.31,517,50.13,70,7.14
128,29.49,49.22,-112.69,0.53,845,48.61,35,5.88
96,28.23,35.39,-101.72,0.07,660,38.06,13,6.34
64,25.38,33.61,-65.69,0.97,214,51.65,119,3.42
96,16.92,12.86,-113.44,0.36,390,82.14,111,8.05
96,15.3,47.64,-102.77,0.48,82,44.38,77,2.9
96,16.61,19.93,-138.91,0.36,525,60.98,2,9.68
128,15.59,32.32,-133.47,0.68,85,70.71,112,1.39
128,33.39,20.64,-119.31,0.66,850,69.2,116,6.98
96,20.5,12.36,-137.77,0.72,86,46.08,109,2.35
128,11.74,39.63,-89.49,0.27,825,61.6,113,5.44
32,39.07,7.99,-105.89,0.32,777,75.92,66,9.22
32,36.51,46.18,-96.15,0.13,419,28.85,85,7.25
128,37.83,22.47,-126.03,0.66,623,51.97,18,7.25
128,39.85,5.01,-116.33,0.04,115,40.34,98,8.3
96,15.22,33.11,-86.89,0.6,854,49.37,75,5.67
64,21.89,7.58,-62.78,0.87,560,50.88,53,9.14
128,32.75,20.19,-135.97,0.89,485,69.07,68,3.78
32,30.88,43.88,-68.77,0.45,835,33.16,9,9.58
96,14.62,8.45,-93.85,0.46,284,56.19,104,4.84
128,34.47,51.16,-94.89,0.08,97,59.03,32,9.53
32,16.73,5.21,-99.98,0.67,732,55.18,12,10.6
32,16.71,18.58,-134.45,0.82,890,68.25,98,2.42
64,26.11,45.75,-132.81,0.24,86,49.11,50,3.16
96,27.79,22.39,-91.93,0.42,86,79.97,31,9.78
96,27.4,10.6,-112.72,0.84,451,54.5,74,5.58
64,12.74,24.81,-66.62,0.88,549,59.42,111,6.75
64,36.32,19.87,-107.47,0.24,254,73.4,101,9.27
96,17.97,51.35,-128.54,0.55,587,43.14,23,3.58
96,13.89,22.23,-82.82,0.19,787,32.14,34,9.0
128,36.66,48.39,-116.53,0.1,391,66.93,82,8.91
128,38.67,54.05,-97.96,0.91,991,54.57,69,6.99
64,35.86,28.86,-84.17,0.82,726,77.31,39,7.56
128,34.29,55.05,-67.98,0.76,579,82.05,53,14.92
32,29.66,25.75,-76.62,0.05,722,49.95,108,11.57
128,26.53,58.02,-85.89,0.84,746,50.85,43,5.27
128,12.61,9.91,-85.63,0.44,151,50.44,61,7.94
32,22.25,42.79,-64.33,0.34,902,45.85,105,6.72
64,21.18,32.16,-116.33,0.55,377,70.99,98,4.01
32,17.79,26.32,-139.91,0.09,93,69.74,67,2.1
128,31.7,39.8,-118.24,0.76,152,54.33,32,4.58
64,24.88,43.71,-122.57,0.58,361,30.46,76,1.0
128,12.43,5.24,-87.05,0.19,554,45.03,55,10.48
32,16.61,14.18,-89.3,0.19,922,44.08,35,10.71
32,30.5,44.22,-92.52,0.18,161,72.61,53,7.48
128,12.28,41.65,-138.7,0.06,167,32.82,106,1.79
96,35.54,58.13,-81.7,0.59,455,72.31,18,8.55
96,24.85,46.86,-114.12,0.84,662,64.81,42,5.9
32,24.42,57.29,-86.8,0.02,967,68.28,11,10.64
32,27.77,43.64,-95.47,0.05,772,51.77,10,11.31
96,34.74,21.39,-112.58,0.57,312,65.38,69,4.6
96,20.43,10.8,-129.23,0.82,633,61.5,11,4.18
128,30.34,48.0,-132.45,0.33,665,70.29,90,4.96
128,26.97,40.43,-73.48,0.35,459,52.57,40,10.73
96,18.01,7.65,-66.53,0.6,730,54.01,24,12.06
128,36.36,24.8,-88.02,0.27,233,63.4,105,10.58
128,33.92,57.62,-131.73,0.03,52,33.94,2,4.67
64,29.75,32.52,-107.84,0.74,273,51.99,2,1.41
128,35.52,28.8,-81.68,0.63,765,81.46,83,11.94
32,36.02,30.17,-77.61,0.58,12,30.07,27,7.45
128,31.25,16.49,-130.54,0.74,646,45.38,22,9.97
128,35.11,25.28,-140.0,0.68,277,45.28,47,3.19
96,30.92,25.34,-83.03,0.21,605,62.84,66,10.67
32,30.4,7.88,-111.47,0.35,25,33.82,41,5.76
128,28.56,47.22,-119.64,0.13,343,62.57,87,6.68
128,32.58,27.91,-138.97,0.13,473,33.23,106,6.75
64,14.76,50.22,-96.78,0.68,68,33.22,39,1.0
128,36.43,51.77,-71.91,0.86,186,68.05,5,8.97
128,36.16,16.66,-63.39,0.96,72,45.83,19,10.39
64,10.88,41.15,-94.74,0.63,967,81.76,10,9.35
96,34.77,30.98,-98.84,0.18,570,30.05,95,9.42
128,13.87,53.41,-133.2,0.11,316,52.48,26,4.08
64,20.05,16.87,-96.09,0.81,255,34.22,20,6.24
32,32.31,42.28,-109.6,0.58,298,47.33,107,1.0
96,14.82,38.43,-91.43,0.62,807,82.9,111,5.35
32,34.54,21.24,-108.9,0.78,964,76.89,113,9.39
32,34.96,12.51,-120.78,0.7,341,30.66,12,4.33
64,25.22,40.84,-132.4,0.83,536,58.98,85,3.32
128,10.19,45.62,-114.81,0.06,859,63.63,34,8.87
64,18.61,22.36,-132.27,0.75,264,39.52,46,1.2
64,28.51,40.47,-125.85,0.85,613,35.98,85,1.0
64,39.44,26.73,-61.01,0.29,519,77.74,27,14.86
64,28.95,44.23,-104.47,0.64,800,81.28,20,11.02
96,17.79,15.96,-97.45,0.31,727,82.55,109,10.14
128,29.02,53.96,-70.11,0.96,615,71.44,17,10.44
32,26.2,20.81,-60.35,0.03,746,64.49,30,15.42
32,33.4,25.23,-93.38,0.58,822,47.02,59,6.45
128,13.21,8.2,-75.0,0.17,839,37.43,109,11.42
32,32.83,11.13,-113.84,0.71,472,32.34,36,4.24
128,26.24,33.37,-115.54,0.18,208,66.13,20,8.4
32,38.89,19.72,-107.78,0.24,280,71.16,13,13.47
64,20.26,50.95,-86.2,0.49,755,73.45,88,8.83
32,28.98,5.81,-85.42,0.91,567,78.26,90,7.33
128,37.96,25.85,-114.78,0.21,73,76.4,103,8.99
128,13.08,23.55,-129.34,0.14,239,82.99,59,7.6
128,38.12,6.06,-89.41,0.76,951,41.42,22,13.52
128,30.64,11.84,-129.73,0.5,961,69.98,94,8.67
128,12.04,27.75,-93.72,0.91,258,60.26,110,6.99
96,19.03,32.11,-84.53,0.15,255,42.37,28,6.65
96,31.25,27.24,-83.95,0.65,949,82.0,46,12.06
32,12.02,34.2,-79.72,0.23,596,77.38,29,9.12
128,27.47,37.73,-70.17,0.16,166,35.07,114,7.5
32,20.38,5.55,-100.0,0.68,744,29.44,89,3.84
128,28.63,30.53,-81.58,0.59,711,65.86,83,9.0
128,11.37,57.99,-90.47,0.75,994,61.23,37,9.49
96,36.15,33.55,-125.07,0.31,573,79.47,82,10.8
96,39.2,42.26,-137.94,0.45,959,40.87,26,6.98
64,39.07,22.15,-117.24,0.41,97,32.64,88,3.63
96,32.49,47.57,-104.56,0.98,322,42.26,103,1.09
64,13.9,47.51,-90.63,0.29,860,29.04,101,6.18
64,32.75,33.67,-72.0,0.29,75,29.97,115,7.01
64,10.74,58.68,-124.3,0.35,671,78.32,86,4.16
64,10.66,11.91,-129.96,0.56,29,47.36,92,1.81
64,19.71,5.93,-62.92,0.25,42,50.59,14,12.27
32,24.66,47.36,-131.36,0.92,849,29.01,58,1.0
96,33.11,49.39,-101.72,0.27,802,42.88,2,8.18
64,30.5,11.61,-93.15,0.9,567,72.26,9,7.28
128,23.38,19.61,-96.69,0.1,82,61.85,78,9.63
96,18.21,5.97,-133.12,0.66,875,69.46,119,8.57
96,39.91,21.13,-135.44,0.91,834,52.6,79,3.13
64,22.79,47.52,-131.56,0.17,352,45.04,16,6.23
32,23.54,33.49,-93.15,0.97,142,54.55,82,1.65
64,14.91,24.15,-96.45,0.45,64,45.77,10,4.96
32,33.84,25.45,-121.3,0.95,70,74.14,47,5.17
128,30.81,5.07,-88.98,0.68,866,44.37,4,10.67
96,16.62,21.49,-74.39,0.3,529,64.29,68,10.88
128,12.47,40.56,-136.67,0.19,281,35.53,63,2.87
32,30.41,58.58,-100.15,0.3,255,65.78,13,6.38
32,29.64,51.59,-84.86,0.09,185,78.23,49,11.22
128,18.2,6.3,-119.82,0.14,637,61.47,25,9.96
32,38.53,54.42,-115.38,0.1,326,58.79,71,4.67
128,14.53,48.08,-90.91,0.42,792,80.86,68,8.13
96,22.97,47.92,-68.17,0.8,714,62.51,6,4.81
128,38.31,30.19,-75.21,0.14,671,42.28,15,13.48
96,22.59,26.89,-93.35,0.13,140,44.08,54,9.82
128,29.16,21.66,-81.58,0.64,111,66.79,77,7.12
32,21.93,8.61,-110.81,0.2,319,68.45,100,8.2
128,18.23,17.55,-88.72,0.1,791,44.69,55,11.52
32,39.52,18.56,-102.71,0.17,301,46.99,104,6.62
128,22.28,31.62,-124.81,0.92,731,82.51,3,9.4
128,36.82,46.11,-83.86,0.82,504,33.61,99,5.16
64,16.9,31.06,-95.48,0.35,370,50.26,47,9.61
32,16.39,8.18,-111.31,0.66,347,31.43,119,1.0
64,10.93,57.68,-67.09,0.54,588,73.16,16,8.46
32,29.55,56.85,-138.33,0.68,19,33.08,110,1.0
64,21.06,48.19,-114.74,0.68,58,65.07,35,3.25
96,35.93,59.52,-135.45,0.63,496,31.11,69,2.63
128,24.2,34.95,-78.68,0.27,632,65.01,79,16.11
32,39.05,57.95,-83.83,0.04,330,74.37,92,10.82
32,15.57,9.16,-113.49,0.46,740,49.94,99,5.17
128,36.06,25.11,-85.95,0.89,578,56.72,37,7.46
32,33.3,17.4,-108.33,0.57,804,50.08,100,3.71
32,33.13,15.77,-79.5,0.83,980,44.53,111,9.29
64,35.34,12.74,-103.67,0.99,634,72.18,61,6.73
32,32.83,39.23,-107.02,0.16,142,42.96,120,8.58
96,28.79,47.97,-65.22,0.69,592,67.76,47,11.33
96,13.94,36.81,-119.93,0.67,92,39.34,9,2.61
128,10.98,13.08,-130.36,0.98,66,41.74,104,1.0
32,37.63,49.61,-93.24,0.99,385,46.51,35,4.87
128,28.5,39.98,-62.45,0.69,358,60.4,28,9.23
96,33.9,26.35,-109.77,0.24,280,52.99,77,5.11
32,24.45,42.08,-135.04,0.8,492,68.98,3,2.64
32,13.52,19.29,-112.86,0.11,120,39.75,43,4.74
128,13.76,23.99,-99.53,0.78,878,28.59,55,4.0
96,30.57,55.46,-127.05,0.91,896,70.71,41,3.1
32,22.91,20.98,-87.35,0.38,85,73.19,99,6.31
128,16.02,30.85,-60.18,0.63,167,31.27,113,7.2
96,24.75,53.96,-103.86,0.43,541,61.6,108,6.86
128,11.93,43.92,-111.62,0.44,942,48.8,12,7.25
64,27.46,8.42,-107.94,0.31,652,71.66,45,11.25
32,18.07,13.1,-130.79,0.76,338,76.09,81,1.59
64,33.93,5.43,-69.34,0.94,131,74.81,32,8.83
96,19.31,39.7,-106.81,0.94,50,70.75,20,4.51
64,23.66,29.62,-109.02,0.17,176,42.8,79,3.91
64,10.35,12.39,-87.22,0.87,931,72.65,78,7.73
96,12.17,57.69,-104.64,0.74,651,57.34,117,1.0
128,21.77,34.13,-88.14,0.25,32,30.9,56,3.95
64,24.4,18.3,-135.08,0.07,288,53.13,68,6.86
128,28.0,32.53,-74.9,0.27,772,79.82,69,15.02
64,18.75,42.38,-64.76,0.91,478,76.83,101,6.03
128,30.85,9.19,-88.1,0.63,409,33.62,66,5.53
96,35.8,20.11,-63.63,0.72,18,68.93,47,7.15
64,33.4,49.38,-127.89,0.26,22,72.32,75,7.89
96,11.19,30.28,-101.81,0.72,933,42.93,99,4.49
64,24.42,35.06,-91.86,0.03,932,53.94,32,10.37
96,13.15,28.8,-93.46,0.38,828,67.1,35,9.07
96,17.26,7.41,-107.88,0.63,841,52.15,32,4.88
64,39.6,14.12,-112.95,0.15,61,34.2,30,8.53
64,14.27,29.5,-129.85,0.82,218,66.82,20,5.56
64,24.97,16.51,-108.66,0.24,559,78.14,26,9.39
32,28.54,7.75,-126.99,0.65,621,63.89,90,8.85
128,31.07,51.4,-81.25,0.41,714,70.56,71,10.59
32,26.79,58.97,-123.29,0.6,411,47.71,119,3.24
32,10.29,48.62,-135.31,0.11,200,38.08,100,1.0
96,19.79,51.96,-95.81,0.02,60,63.35,61,8.11
64,25.53,18.31,-92.38,0.91,402,46.03,95,7.15
128,12.64,57.83,-70.25,0.27,662,75.3,25,12.45
96,20.52,15.83,-93.84,0.82,689,34.74,65,6.05
32,11.0,57.33,-112.36,1.0,832,51.84,11,1.0
64,12.36,59.72,-75.76,0.21,630,49.82,21,6.0
96,21.91,44.14,-96.78,0.27,728,79.59,16,11.65
64,13.98,58.96,-133.66,0.66,948,36.42,6,4.09
96,27.03,36.32,-94.73,0.97,309,28.54,106,2.1
64,30.68,19.27,-67.36,0.92,631,41.09,67,6.82
32,34.02,29.03,-108.29,0.5,205,73.12,36,4.72
128,16.0,37.65,-116.29,0.8,426,39.51,37,1.66
32,15.02,9.02,-128.52,0.14,673,41.25,95,4.95
128,13.14,39.23,-127.88,0.98,429,35.14,10,1.0
64,29.09,58.96,-105.38,0.96,764,67.35,0,4.45
96,31.19,15.46,-92.35,0.16,649,31.8,24,10.41
32,10.95,48.59,-133.55,0.3,626,46.22,41,4.63
128,38.09,54.93,-64.83,0.1,531,43.54,51,13.14
32,11.56,56.9,-79.59,0.27,365,58.53,23,7.43
128,26.24,57.81,-93.07,0.82,157,68.17,52,5.79
32,31.27,33.68,-73.72,0.38,374,57.31,106,9.17
128,36.13,58.75,-133.59,0.09,373,79.21,55,8.06
128,31.42,46.65,-101.85,0.34,980,80.33,62,10.79
64,34.05,13.89,-89.59,0.98,661,47.88,80,7.65
128,20.18,31.23,-73.71,0.63,711,70.77,7,11.14
64,34.44,44.51,-77.32,0.42,411,68.63,58,8.19
128,12.4,18.6,-117.83,0.17,615,77.11,44,11.68
96,36.84,40.23,-64.73,0.99,501,52.64,26,6.05
96,26.43,41.66,-130.05,0.82,238,57.18,51,4.67
96,34.52,13.95,-69.99,0.28,584,50.87,17,14.13
128,23.57,36.08,-62.32,0.07,861,74.77,90,12.9
64,29.31,47.44,-125.83,0.06,546,40.63,85,5.17
64,25.79,32.44,-82.23,0.12,277,41.18,15,8.71
128,31.95,5.67,-136.78,0.58,414,48.49,65,6.74
96,12.45,5.5,-107.57,0.93,802,40.67,4,6.71
96,11.81,24.64,-98.7,0.5,20,58.86,81,5.45
64,17.41,55.94,-93.55,0.84,329,35.4,2,3.96
96,14.79,17.58,-65.13,0.45,722,45.61,90,9.17
32,36.15,39.89,-86.22,0.71,135,78.24,117,9.04
64,16.58,17.21,-101.5,0.73,315,50.51,80,5.9
96,39.28,22.69,-75.23,0.17,711,69.15,79,13.24
64,20.11,51.64,-63.96,0.36,520,34.24,69,8.47
32,15.46,45.09,-138.23,0.64,98,41.62,114,1.0
64,33.69,10.25,-61.4,0.07,364,72.4,6,15.4
64,29.76,28.58,-133.11,0.36,637,69.96,49,6.58
64,24.95,6.6,-74.85,0.53,361,49.24,13,11.78
64,26.66,31.45,-117.57,1.0,698,80.49,37,5.81
32,31.58,41.43,-129.43,0.47,23,78.09,103,3.93
128,16.85,11.52,-104.81,0.82,266,80.93,78,8.75
64,39.89,20.89,-88.48,0.43,218,51.54,110,11.74
64,39.24,26.88,-109.52,0.8,290,38.86,46,3.86
96,29.51,55.57,-135.63,0.6,452,62.47,111,2.14
64,15.99,59.63,-92.04,0.89,849,65.66,32,5.58
96,30.41,7.47,-67.81,0.41,846,34.9,42,12.12
128,12.17,46.86,-109.34,0.6,398,71.26,90,5.19
32,10.92,25.44,-122.69,0.63,626,28.99,28,1.15
32,17.73,26.59,-104.59,0.42,492,54.55,56,3.93
128,23.88,46.48,-136.13,0.14,156,46.21,100,5.93
32,36.05,55.51,-74.36,0.09,288,68.72,4,12.62
128,31.82,57.3,-73.89,0.02,530,45.2,92,9.71
128,32.28,36.74,-92.96,0.87,639,73.47,95,8.54
128,22.76,24.64,-111.75,0.24,615,60.72,59,11.69
32,20.38,48.32,-76.02,0.21,443,71.66,116,7.01
96,21.13,18.81,-95.63,0.74,153,82.41,69,7.63
128,39.63,36.02,-73.93,0.32,298,65.35,1,11.13
64,11.2,24.72,-89.48,0.51,395,82.17,69,7.71
32,36.01,41.11,-77.25,0.16,23,29.59,109,7.13
128,27.36,18.22,-92.11,0.96,266,46.6,42,4.32
128,23.16,15.54,-106.87,0.85,355,33.93,3,4.96
64,31.76,55.5,-63.36,0.86,707,42.43,55,8.38
96,24.6,10.6,-96.71,0.41,354,74.14,92,10.08
96,36.2,32.83,-91.59,0.76,409,29.78,58,3.91
96,37.02,17.15,-122.36,0.14,216,56.61,88,8.41
128,22.65,7.14,-89.95,0.01,867,59.19,8,15.2
128,18.3,6.98,-94.27,0.02,952,58.86,119,11.72
128,27.77,14.64,-125.21,0.59,181,54.14,2,8.13
32,37.37,52.67,-135.23,0.46,473,71.48,89,3.42
64,16.32,20.54,-91.65,0.52,279,35.34,47,5.82
128,28.69,57.28,-78.9,0.01,230,45.08,42,8.02
64,28.95,36.99,-98.13,0.42,161,61.86,90,3.87
64,31.99,29.01,-121.86,0.72,632,66.0,99,6.27
96,13.95,36.9,-86.68,0.44,192,50.23,95,5.28
32,31.47,33.42,-133.59,0.73,408,76.15,0,4.68
128,37.27,46.73,-104.65,0.23,860,50.85,56,8.41
96,15.39,20.54,-126.93,0.81,81,50.15,52,2.9
96,17.13,24.42,-125.24,0.59,427,29.99,117,1.0
128,39.14,54.18,-123.82,0.21,907,58.31,15,11.36
64,15.43,57.06,-109.06,0.24,292,66.98,50,6.17
96,35.63,54.09,-135.91,0.63,83,34.29,111,1.0
64,24.77,28.07,-108.18,0.83,364,44.8,74,3.37
32,17.42,47.92,-99.06,0.42,736,70.97,89,10.38
64,36.12,31.2,-101.34,0.26,506,48.13,103,9.42
32,23.36,32.36,-109.38,0.87,337,41.29,54,1.0
64,25.44,16.26,-72.87,0.67,997,64.97,0,13.33
96,20.78,37.51,-128.37,0.45,544,38.82,89,1.0
96,27.79,15.24,-99.54,0.49,589,77.26,27,8.82
32,14.91,23.24,-135.04,0.2,919,33.81,52,4.19
128,21.73,52.03,-134.31,0.63,456,66.86,57,4.53
32,39.08,16.39,-94.09,0.36,382,55.48,72,10.25
32,17.74,8.91,-94.72,1.0,371,75.85,59,6.91
64,29.7,8.8,-69.76,0.48,102,34.94,58,9.04
64,19.76,56.74,-95.37,0.49,330,65.28,107,2.22
32,33.2,32.88,-63.22,0.57,333,59.46,21,10.1
96,13.93,27.52,-136.1,0.92,393,54.4,7,3.47
64,39.09,49.6,-132.16,0.8,584,55.03,48,4.33
128,23.61,50.97,-136.47,0.45,745,67.71,41,6.19
64,17.08,23.27,-125.18,0.72,746,79.58,26,6.87
64,12.2,43.15,-96.7,0.59,890,33.02,38,5.23
128,15.09,47.41,-88.35,0.49,355,29.07,82,1.25
32,25.59,41.01,-136.35,0.19,858,72.31,24,9.22
128,20.11,13.34,-64.32,0.46,112,33.95,37,8.83
32,34.87,53.17,-72.63,0.25,224,82.27,84,11.26
32,22.93,34.65,-116.27,0.91,201,62.06,23,1.0
32,17.46,20.54,-133.82,0.34,681,63.8,23,8.53
128,28.51,28.39,-126.41,0.95,893,38.94,59,2.18
32,31.2,7.07,-129.84,0.53,728,41.22,82,8.65
96,15.01,12.03,-130.14,0.63,790,64.26,49,9.05
128,15.03,47.11,-98.52,0.54,203,78.03,110,3.57
96,11.1,5.0,-120.33,0.13,389,82.03,65,10.06
32,32.09,27.91,-111.35,0.38,412,38.89,13,4.86
64,29.91,33.74,-60.84,0.1,673,35.38,52,10.59
32,24.24,8.0,-85.25,0.62,758,31.1,31,6.69
96,35.33,58.52,-64.08,0.45,609,75.76,105,11.57
96,34.17,17.44,-128.6,0.78,20,44.21,95,2.74
128,27.56,21.73,-109.43,0.22,196,28.1,91,3.87
64,36.05,21.72,-95.62,0.16,735,40.31,47,10.98
128,16.18,17.67,-133.86,0.41,24,46.72,38,3.37
96,13.36,5.08,-139.67,0.93,787,82.5,39,2.52
32,18.09,45.11,-86.37,0.71,306,56.79,41,4.2
64,11.71,58.18,-88.65,0.42,420,39.26,110,5.53
32,25.94,17.34,-107.14,0.52,965,46.42,103,5.72
32,38.1,41.47,-100.83,0.08,594,46.17,76,5.69
64,11.18,45.8,-106.76,0.98,61,29.08,75,1.0
128,13.66,51.66,-138.08,0.67,649,35.44,7,1.0
32,23.57,28.24,-113.17,0.29,37,66.24,78,5.63
96,38.02,21.66,-125.83,0.59,586,34.61,25,5.77
32,19.48,22.89,-132.13,0.11,26,40.69,11,6.71
64,25.22,44.19,-63.46,0.97,360,47.29,42,5.84
64,11.25,49.92,-92.05,0.17,437,69.68,50,6.05
64,14.45,14.99,-81.71,0.65,659,60.03,109,6.36
128,39.6,25.4,-114.77,0.25,840,65.89,90,8.87
32,38.95,54.61,-108.55,0.72,238,59.19,81,3.48
128,10.15,49.37,-121.05,0.78,775,65.6,108,5.49
128,38.55,59.17,-132.24,0.67,998,28.16,99,4.95
64,29.17,46.48,-125.68,0.61,219,79.2,62,7.67
64,36.04,26.63,-76.2,0.89,440,34.1,48,7.35
128,23.64,37.49,-85.8,0.08,303,50.34,114,8.71
32,25.47,41.36,-96.25,0.33,752,70.41,26,7.98
96,24.67,9.32,-101.99,0.25,762,51.94,8,11.4
128,30.01,34.95,-66.21,0.99,591,80.08,118,8.95
32,14.19,44.01,-134.18,0.39,113,53.72,38,2.72
64,10.9,14.2,-117.55,0.73,213,76.12,64,2.49
64,19.24,47.93,-112.0,0.68,62,72.6,70,3.27
32,31.14,37.11,-77.41,0.21,983,81.95,89,10.24
96,16.06,57.37,-60.6,0.24,949,78.96,70,12.81
64,30.2,7.33,-120.75,0.28,384,77.4,115,9.04
64,39.1,19.59,-70.06,0.41,851,68.24,6,12.21
64,12.82,38.09,-73.55,0.23,63,48.18,71,4.64
32,30.18,21.31,-122.03,0.02,285,33.84,79,3.47
128,23.31,44.29,-108.05,0.88,344,65.88,66,4.25
64,36.04,46.75,-107.23,0.97,40,81.83,108,1.59
128,15.31,10.64,-61.74,0.34,144,67.96,9,14.56
96,30.78,33.26,-125.53,0.34,67,79.08,113,6.44
64,35.14,32.99,-76.07,0.01,114,72.24,70,12.79
64,38.34,25.31,-113.26,0.68,275,36.97,84,1.62
96,30.5,56.31,-81.53,0.83,531,41.71,52,7.61
64,24.92,50.51,-106.4,0.15,505,46.8,100,6.63
128,28.54,43.35,-93.73,0.16,262,37.25,94,6.0
32,36.07,44.29,-73.39,0.79,304,59.99,86,4.33
128,27.12,30.39,-75.67,0.62,677,81.65,56,11.67
32,10.91,55.65,-70.69,0.04,167,69.88,90,7.03
32,37.93,43.2,-135.23,0.62,558,51.29,119,1.64
128,30.69,45.09,-84.64,0.31,640,28.25,85,6.75
128,30.3,52.39,-128.8,0.37,76,45.23,102,3.81
128,16.47,20.07,-106.73,0.77,763,56.97,120,1.35
128,29.77,49.39,-96.11,0.81,308,45.83,26,7.65
96,21.82,15.74,-107.78,0.4,472,34.11,53,7.65
64,29.54,23.99,-98.43,0.95,734,52.35,112,5.23
32,13.2,23.46,-60.28,0.41,829,41.93,3,10.1
128,29.74,58.82,-129.18,0.77,110,78.01,87,4.64
128,39.98,52.11,-85.96,0.48,65,33.6,22,7.28
128,11.45,43.56,-108.32,0.9,341,30.7,47,1.0
96,39.32,44.99,-129.36,0.91,845,28.29,82,4.01
128,22.21,35.91,-127.3,0.09,760,46.04,41,10.73
128,36.12,57.09,-64.06,0.94,402,64.32,2,8.26
128,33.47,32.29,-69.63,0.83,752,68.17,90,11.0
64,27.01,25.93,-67.44,0.79,883,52.93,2,8.9
96,32.15,13.97,-60.68,0.2,390,65.64,27,15.28
128,36.36,48.24,-123.33,0.81,101,47.8,62,1.67
32,22.12,45.39,-111.56,0.85,800,64.73,80,5.6
32,19.81,26.14,-86.46,0.29,456,30.23,30,6.72
32,30.03,6.39,-101.3,0.95,118,49.49,9,5.22
96,34.24,51.14,-106.53,0.05,326,71.5,48,12.2
96,32.87,5.63,-111.38,0.15,177,72.17,85,8.77
32,33.93,43.7,-92.5,0.54,821,67.39,93,9.14
128,23.07,58.36,-93.95,0.58,991,39.23,112,4.62
96,34.54,29.07,-127.08,0.65,929,41.6,20,8.32
32,13.61,17.92,-102.26,0.02,444,82.78,99,11.69
32,26.33,43.77,-95.72,0.96,451,33.69,52,1.94
128,10.17,49.94,-94.38,0.04,227,37.94,86,2.22
64,19.74,35.05,-123.19,0.14,231,35.15,101,1.93
96,20.99,58.19,-80.62,0.01,682,46.02,75,12.75
128,21.89,7.84,-137.98,0.57,537,39.56,88,2.76
32,30.86,32.76,-111.61,0.93,287,55.37,53,5.88
32,21.66,44.51,-77.58,0.67,578,54.18,56,5.56
128,23.46,52.45,-94.89,0.82,583,77.58,19,7.01
96,17.13,14.86,-119.11,0.01,884,29.91,112,7.71
64,21.2,49.0,-84.4,0.54,475,45.59,48,7.02
64,16.82,35.4,-94.61,0.46,848,60.82,105,8.18
32,12.2,26.81,-76.3,0.5,763,61.26,6,9.42
96,28.1,12.24,-81.2,0.07,611,54.41,28,14.63
64,30.05,52.59,-91.19,0.68,593,72.86,47,9.22
96,28.58,13.65,-100.95,0.5,847,31.45,92,8.87
96,23.9,22.04,-129.35,0.77,39,72.85,12,3.77
32,21.39,20.95,-119.09,0.49,368,55.21,2,7.27
64,35.9,52.93,-106.47,0.15,928,35.36,1,8.29
128,25.57,42.0,-92.06,0.65,297,76.71,15,8.69
32,24.38,48.82,-98.9,0.17,95,63.71,93,5.53
64,10.77,18.78,-116.95,0.87,243,37.0,101,1.0
64,20.24,39.37,-139.48,0.61,756,29.85,5,1.0
64,21.41,36.45,-100.3,0.16,322,35.76,44,8.08
64,21.96,50.81,-117.15,0.96,374,61.48,70,1.0
64,27.41,54.83,-81.23,0.52,786,37.86,4,7.58
96,26.01,5.67,-138.08,0.07,808,40.42,55,6.62
32,28.24,42.07,-93.21,0.63,848,29.38,70,4.61
96,32.95,7.85,-64.68,0.25,914,67.76,97,13.9
128,34.39,35.19,-126.05,0.8,278,72.57,31,7.93
64,31.54,20.82,-102.27,0.82,707,71.83,48,7.29
32,38.67,21.87,-132.69,0.98,140,35.02,12,4.14
64,10.55,24.41,-89.95,0.5,812,77.68,29,11.3
32,15.87,39.17,-95.96,0.45,798,64.98,24,7.13
96,10.23,23.37,-107.41,0.75,841,77.36,84,6.89
32,29.42,45.3,-98.29,0.13,360,52.59,59,8.2
128,36.94,27.25,-68.27,0.55,189,52.03,58,11.55
128,17.3,8.76,-124.3,0.55,811,71.15,84,8.86
32,37.81,48.11,-138.19,0.09,489,33.13,27,5.08
32,11.81,20.72,-71.07,0.42,898,56.65,111,7.05
32,38.03,28.8,-93.83,0.85,172,74.0,57,7.8
32,20.55,42.7,-68.75,0.86,792,73.66,19,8.6
128,13.04,23.29,-92.24,0.1,897,80.59,33,8.87
64,24.58,8.11,-75.19,0.09,105,66.4,4,13.22
32,17.7,25.57,-105.63,0.26,783,39.43,81,4.81
32,18.55,56.94,-80.01,0.87,519,29.12,59,1.67
128,19.22,40.3,-66.96,0.13,374,54.37,102,9.92
128,34.09,41.93,-94.23,0.72,990,56.25,42,7.03
96,26.17,39.78,-125.54,0.1,362,41.21,56,5.78
32,19.34,15.94,-118.5,0.62,809,34.86,56,3.51
96,28.31,28.01,-124.11,0.36,445,60.24,74,5.1
128,31.48,46.3,-120.25,0.79,92,70.03,53,4.57
128,18.18,10.58,-115.49,0.23,234,82.62,80,6.37
64,22.41,20.28,-95.59,0.64,421,69.71,111,6.58
32,13.66,20.2,-92.96,0.24,744,71.65,44,10.47
96,15.43,28.76,-105.88,0.71,990,61.91,85,6.79
128,30.43,58.92,-90.77,0.87,127,82.23,36,8.21
128,15.44,8.71,-133.47,0.13,491,63.2,83,8.89
96,25.75,33.53,-132.98,0.87,201,75.31,47,3.36
64,31.27,14.87,-126.25,0.59,600,80.02,117,8.2
128,13.21,58.39,-98.55,0.13,599,79.14,53,9.14
32,27.02,11.23,-122.88,0.43,668,48.98,47,5.28
128,17.7,27.2,-117.34,0.16,116,32.33,111,3.14
32,38.89,45.58,-107.97,0.7,391,37.45,109,3.17
96,24.51,43.75,-75.05,0.76,792,31.26,5,9.19
32,34.18,28.25,-138.89,0.11,399,33.8,33,4.93
96,26.51,24.06,-88.05,0.51,253,38.16,62,5.67
32,11.3,26.87,-86.49,0.81,594,46.76,77,6.18
96,28.99,19.54,-76.11,0.94,878,57.89,47,7.37
32,38.54,16.29,-65.38,0.51,477,67.14,22,11.63
64,28.05,31.57,-138.39,0.95,875,39.6,83,2.64
32,34.58,19.77,-127.7,0.54,943,64.99,12,11.02
32,36.53,20.81,-69.11,0.39,547,66.73,46,12.93
64,16.84,41.12,-103.32,0.85,219,58.72,43,3.55
128,16.36,58.27,-94.83,0.49,613,77.7,104,6.57
128,28.33,38.2,-86.96,0.47,646,34.1,31,9.26
32,22.33,9.23,-85.67,0.49,956,37.74,25,9.35
64,35.2,9.16,-65.46,0.85,82,51.58,113,6.2
32,37.0,57.33,-60.24,0.83,644,34.97,52,6.42
96,20.6,21.35,-82.39,0.4,318,59.15,13,8.57
96,17.11,10.06,-117.02,0.33,705,49.91,51,7.45
32,33.42,37.95,-69.62,0.49,708,43.65,120,8.13
128,18.24,39.3,-136.06,0.57,719,37.35,35,5.77
128,34.68,40.67,-121.51,0.24,599,46.44,7,7.65
32,22.71,19.71,-68.21,0.79,869,61.44,39,9.42
32,30.03,5.83,-119.5,0.49,195,59.67,85,7.33
96,12.87,58.08,-122.35,0.33,865,37.0,21,7.06
128,28.72,18.8,-128.95,0.11,262,34.87,15,7.82
32,23.55,42.18,-71.27,0.24,22,29.47,90,4.97
96,27.6,43.86,-100.0,0.95,308,28.68,119,1.0
128,15.04,38.55,-86.01,0.31,85,76.39,59,5.92
64,32.11,22.21,-120.87,0.17,60,30.48,59,3.48
96,35.88,19.91,-79.36,0.46,796,68.22,9,13.72
128,16.5,37.87,-79.2,0.31,158,75.96,24,10.03
128,12.87,52.64,-114.99,0.04,740,33.39,30,7.27
96,10.71,57.07,-107.15,0.32,131,52.0,20,4.03
64,29.26,10.82,-123.22,0.54,220,80.93,90,5.42
96,28.21,13.52,-61.88,0.55,289,73.88,80,12.04
128,26.4,56.96,-88.35,0.36,547,54.93,32,12.65
32,16.96,45.51,-65.24,0.45,694,69.94,30,9.53
32,21.73,53.56,-115.73,0.97,165,73.84,113,1.0
96,27.83,16.14,-77.45,0.38,247,47.14,105,9.73
128,24.9,37.32,-78.73,0.26,385,77.07,89,10.06
32,39.63,43.56,-84.67,0.24,91,53.88,20,11.05
128,14.09,42.41,-62.75,0.46,501,57.03,35,7.52
96,30.85,27.45,-108.52,0.76,365,82.98,64,6.88
32,22.13,5.85,-129.54,0.21,934,74.38,3,9.67
128,22.85,37.06,-86.26,0.71,282,47.9,67,6.19
32,31.53,18.92,-81.66,0.02,589,28.57,89,6.28
96,30.77,29.76,-94.0,0.42,53,62.44,3,11.11
128,39.74,57.67,-123.45,0.78,582,66.72,112,5.23
32,13.85,26.95,-99.64,0.34,132,63.79,8,8.43
96,13.12,51.19,-115.02,0.56,358,81.23,29,7.99
32,31.73,15.37,-105.8,0.2,717,75.46,114,8.66
32,27.35,41.99,-88.38,0.74,339,52.69,44,1.63
64,18.22,58.74,-80.38,0.05,418,31.46,3,9.48
64,12.38,10.6,-121.42,0.85,1000,54.18,68,3.91
96,12.57,5.46,-107.57,0.2,332,65.91,108,5.77
64,36.83,28.85,-118.47,0.87,120,61.42,22,5.66
96,15.76,10.09,-124.11,0.35,779,57.6,15,11.8
64,19.7,46.16,-77.33,0.72,98,53.79,21,5.51
32,16.8,55.3,-67.26,0.32,442,44.16,100,7.46
96,20.65,28.87,-110.38,0.91,719,43.25,71,2.16
96,12.08,19.23,-79.9,0.13,803,55.51,47,8.67
32,25.57,28.89,-68.24,0.18,721,36.83,61,11.33
96,12.03,44.79,-72.31,0.49,108,46.74,96,5.86
96,34.01,5.5,-125.37,0.08,548,45.82,118,7.13
64,17.01,37.42,-63.5,0.2,610,60.29,59,13.34
96,26.2,38.73,-109.87,0.94,155,31.67,101,1.0
128,36.4,40.07,-112.86,0.98,703,73.63,106,4.13
32,29.53,18.31,-135.01,0.38,266,58.93,79,3.55
64,25.99,44.27,-101.11,0.92,198,64.9,4,4.38
64,19.73,10.03,-131.28,0.54,249,66.67,79,6.46
128,19.99,15.96,-120.12,0.27,880,44.03,6,9.04
32,30.08,53.26,-114.64,0.7,908,53.87,50,4.56
32,39.82,45.63,-75.29,0.66,512,80.59,64,8.05
64,29.86,5.76,-69.96,0.99,717,70.17,8,12.84
96,26.73,18.66,-115.8,0.27,818,81.33,81,8.59
64,31.92,16.79,-71.3,0.67,686,69.04,44,9.56
32,23.96,19.89,-71.42,0.05,828,37.66,46,10.72
128,11.8,18.62,-78.83,0.11,280,31.55,66,8.49
64,26.87,8.44,-128.26,0.0,529,59.77,23,8.39
32,38.73,30.24,-84.77,1.0,559,47.68,91,6.51
64,15.26,45.3,-64.4,0.8,123,43.15,9,5.05
96,30.7,38.37,-85.4,0.79,348,72.4,72,9.26
64,16.03,42.01,-113.47,0.51,577,48.18,76,4.38
64,26.07,9.46,-99.95,0.3,952,45.44,47,12.58
32,12.9,57.33,-88.34,0.15,995,74.75,34,9.16
32,23.51,51.12,-99.15,0.28,368,74.55,53,8.67
32,32.68,49.28,-130.4,0.38,659,47.6,86,1.06
64,20.43,50.26,-115.03,0.76,623,73.79,110,7.86
96,29.95,56.3,-75.81,0.54,343,74.79,80,9.91
128,33.86,34.93,-71.09,0.08,698,51.32,109,11.73
128,37.82,16.02,-129.02,0.02,178,31.66,70,6.64
32,17.04,38.92,-63.81,0.1,348,28.09,115,6.17
32,21.98,45.86,-113.69,0.41,807,56.78,15,9.3
64,14.57,45.59,-87.01,0.93,270,46.92,52,4.13
128,39.77,33.68,-79.85,0.64,896,82.84,39,12.87
32,37.81,8.77,-75.04,0.8,744,70.48,99,8.35
96,26.2,25.41,-64.34,0.47,208,69.87,19,13.42
96,35.26,55.64,-114.97,0.36,220,80.54,87,8.2
32,25.63,37.14,-71.32,0.11,296,76.82,110,11.26
32,28.71,34.61,-129.47,0.88,701,45.5,68,1.87
128,12.67,19.79,-83.6,0.78,771,37.13,44,6.39
128,32.66,25.26,-80.64,0.17,752,69.02,5,17.34
64,13.83,54.24,-85.78,0.51,481,48.81,91,7.13
128,34.78,41.66,-119.81,0.49,491,54.02,68,7.33
96,33.46,48.31,-70.16,0.63,32,62.67,48,9.79
96,31.26,29.99,-126.49,0.95,569,77.93,38,6.15
32,11.08,39.66,-135.71,0.58,118,51.05,101,1.0
128,19.09,18.66,-82.6,0.54,305,71.08,1,9.19
64,17.89,43.8,-101.96,0.05,15,42.76,106,5.99
96,20.8,28.52,-72.07,0.06,559,66.39,38,14.7
96,12.63,29.34,-109.33,0.19,690,28.09,117,6.02
64,38.11,40.71,-126.54,0.03,877,75.93,20,11.73
64,26.61,56.5,-73.08,0.74,804,29.67,39,7.8
96,19.17,8.52,-96.09,0.72,212,67.2,100,6.1
96,21.91,50.36,-124.86,0.14,334,30.54,81,4.08
64,23.42,21.08,-82.37,0.84,834,42.64,53,6.78
96,28.02,29.42,-99.11,0.15,794,55.35,111,7.74
32,25.47,6.21,-91.65,0.3,253,51.1,109,8.54
32,37.58,21.56,-103.13,0.25,336,38.55,11,10.26
64,24.91,32.64,-73.7,0.37,996,46.36,80,13.62
128,39.76,8.09,-73.63,0.25,56,68.02,36,14.16
64,35.54,32.01,-83.25,0.49,770,64.81,109,8.1
64,16.26,55.99,-131.57,0.41,600,31.95,37,1.21
128,37.92,10.8,-72.89,0.99,631,69.1,14,11.84
128,13.49,47.04,-86.32,0.06,22,30.92,6,7.24
128,34.52,27.53,-84.24,0.14,916,57.86,77,13.72
32,21.42,41.03,-110.96,0.05,389,42.3,49,6.34
96,36.34,19.31,-69.66,0.63,374,60.32,64,11.82
32,36.04,13.77,-81.97,0.05,611,42.37,101,10.86
96,34.18,13.83,-130.99,0.84,351,82.17,66,2.83
32,33.7,8.88,-107.38,0.51,869,45.04,100,7.57
96,19.14,15.21,-69.09,0.53,801,41.31,43,10.18
32,12.43,41.53,-136.22,0.56,230,43.32,30,1.1
128,22.09,53.49,-63.09,0.17,82,77.31,42,11.03
64,15.21,49.78,-85.67,0.2,755,62.99,76,8.83
32,30.85,42.68,-89.49,0.32,781,68.19,47,10.88
96,20.38,11.07,-118.36,0.59,634,78.49,81,7.24
128,39.27,20.91,-120.1,0.21,55,78.15,80,10.39
32,29.23,22.04,-64.64,0.12,513,68.64,80,12.58
32,34.67,18.75,-116.14,0.97,283,38.88,60,2.67
128,13.98,33.33,-77.96,0.02,564,74.39,74,7.55
32,35.86,34.46,-108.55,0.8,217,39.21,83,1.0
64,37.68,24.63,-128.86,0.79,938,68.86,9,6.18
32,24.61,24.46,-139.14,0.3,870,65.71,28,7.26
64,28.19,50.57,-96.46,0.14,624,69.74,47,11.75
64,32.94,48.41,-61.94,0.15,133,57.3,97,9.62
128,15.25,21.93,-110.47,0.7,19,63.13,80,5.36
32,25.08,55.26,-111.42,0.64,338,80.43,117,4.59
128,21.96,57.4,-112.47,0.78,196,33.56,61,1.48
32,14.39,22.97,-98.36,0.94,552,44.99,115,2.77
32,21.03,24.49,-104.75,0.69,677,61.62,105,5.34
96,12.05,32.81,-69.61,0.16,69,81.02,12,11.26
32,10.77,56.76,-99.56,0.24,770,33.26,43,5.12
128,14.05,53.2,-99.38,0.84,908,29.24,46,5.74
64,38.89,10.64,-128.93,0.21,895,31.07,102,7.68
32,26.49,26.6,-61.38,0.07,960,30.88,63,11.85
96,38.97,35.44,-120.0,0.7,791,77.93,90,6.38
128,22.97,32.67,-134.13,0.4,451,67.67,117,6.93
32,19.35,15.66,-86.95,0.92,226,65.24,52,3.37
128,25.18,52.23,-92.37,0.65,920,56.74,89,4.78
96,23.19,42.23,-106.79,0.09,11,71.01,91,7.6
96,13.17,51.08,-106.22,0.95,545,36.56,76,1.0
128,29.22,52.23,-77.19,0.26,727,49.56,75,11.74
32,16.48,46.16,-124.34,0.34,841,54.95,43,2.36
64,28.59,29.16,-74.38,0.4,720,34.07,27,11.06
96,29.51,38.58,-88.1,0.05,365,51.07,1,12.25
32,14.56,13.82,-106.48,0.5,635,45.41,100,4.69
32,11.84,42.05,-103.36,0.12,801,29.96,56,2.12
64,33.42,14.86,-119.47,0.4,676,35.52,56,4.01
96,23.79,43.17,-79.83,0.35,174,70.02,33,9.85
96,11.74,17.63,-98.97,0.77,743,28.99,86,3.35
32,39.85,11.47,-114.33,0.8,100,79.38,57,7.75
32,11.73,14.09,-92.32,0.15,176,32.75,51,5.71
64,30.85,5.11,-60.34,0.37,968,71.96,108,13.86
64,39.51,44.53,-105.18,0.37,216,77.42,28,5.49
96,17.18,45.28,-66.34,0.15,291,79.76,34,13.05
128,14.27,33.32,-112.4,0.8,74,75.71,74,2.96
96,13.64,13.87,-135.62,0.71,897,43.82,47,3.13
32,19.1,9.6,-123.66,0.19,525,46.32,32,4.84
96,13.03,6.05,-106.5,0.37,166,51.46,114,2.78
128,30.76,14.12,-122.43,0.11,770,35.66,74,10.68
64,11.87,54.0,-139.98,0.63,778,29.22,72,1.0
128,25.28,18.28,-66.8,0.12,756,75.8,77,16.04
128,39.9,24.48,-72.49,0.99,315,58.48,8,9.69
128,34.42,10.79,-80.62,0.78,887,61.48,102,7.99
64,28.46,17.23,-126.57,0.39,991,78.98,47,12.78
128,19.19,33.56,-130.37,0.58,404,64.58,66,5.08
128,28.72,38.43,-134.59,0.91,83,66.0,92,1.99
128,25.81,18.49,-82.08,0.55,196,71.28,82,8.86
32,22.78,8.18,-65.7,0.17,583,34.4,35,7.83
128,13.92,26.51,-105.56,0.38,346,47.81,95,7.04
64,36.6,17.88,-130.47,0.84,685,81.25,70,5.04
128,23.49,17.08,-99.01,0.64,577,78.76,118,9.2
128,15.84,57.79,-112.09,0.65,632,76.62,91,6.19
64,21.03,38.9,-110.01,0.87,739,52.86,43,4.73
128,22.42,35.63,-90.29,0.89,249,75.15,81,7.0
64,34.83,27.87,-82.5,0.92,542,30.66,59,7.66
128,32.01,28.59,-131.15,0.09,150,36.17,62,4.5
64,33.08,34.75,-137.15,0.54,274,50.77,4,4.6
128,10.33,43.3,-60.45,0.74,148,54.59,86,5.66
128,22.48,43.62,-121.38,0.76,468,42.49,118,1.0
32,24.44,14.44,-135.69,0.61,79,47.61,85,1.8
32,10.58,32.51,-124.81,0.17,394,36.95,89,4.14
128,17.79,27.66,-136.88,0.8,639,54.9,105,4.29
128,32.81,52.88,-108.66,0.72,207,71.66,75,8.39
96,14.11,39.73,-75.81,0.09,214,64.37,39,7.26
64,26.06,34.29,-112.7,0.46,735,33.93,18,8.4
96,16.46,11.35,-104.47,0.17,577,54.82,46,9.44
32,10.36,38.31,-85.95,0.34,808,66.37,64,10.42
32,17.24,11.45,-99.29,0.02,991,57.14,66,9.85
32,39.28,23.55,-71.08,0.4,814,49.54,90,10.06
32,34.05,12.86,-70.72,0.55,696,62.21,17,10.31
128,38.79,43.06,-139.21,0.62,868,81.28,49,9.09
32,24.64,16.34,-77.76,0.66,891,33.22,29,9.0
128,13.29,26.55,-103.14,0.84,983,49.45,65,4.11
128,26.44,54.26,-60.89,0.22,649,50.36,4,9.23
32,23.63,16.24,-101.34,0.12,440,59.73,92,8.81
32,35.33,32.93,-61.05,0.85,899,36.37,96,8.55
64,12.94,28.06,-79.63,0.16,334,37.72,41,6.22
96,24.65,6.0,-120.11,0.97,451,43.69,83,1.32
32,14.5,48.6,-96.93,0.84,813,80.57,93,5.95
64,19.74,8.8,-60.63,0.5,297,68.38,105,12.71
64,32.12,31.08,-71.4,0.98,235,64.39,4,7.6
96,24.28,35.84,-132.21,0.1,73,72.93,49,5.22
128,21.28,39.56,-83.49,0.3,976,35.02,84,9.24
32,21.83,42.87,-112.35,0.64,947,75.26,57,7.45
96,23.78,18.93,-139.44,0.35,569,60.72,78,5.02
32,33.55,5.55,-107.72,0.93,723,46.44,83,8.29
64,36.76,44.79,-121.22,0.07,507,72.87,7,11.38
64,38.66,34.46,-74.49,0.55,858,72.14,112,10.41
128,33.61,50.99,-113.01,0.59,935,74.51,30,6.97
64,19.46,50.18,-73.8,0.65,926,34.35,11,9.38
64,30.64,51.38,-139.95,0.26,69,81.31,20,7.45
96,23.13,31.68,-115.37,0.36,406,80.78,93,6.9
32,17.64,23.35,-120.71,0.84,266,47.66,61,1.86
32,35.23,48.54,-121.31,0.19,586,31.62,90,4.07
96,11.15,29.82,-134.55,0.83,248,37.19,107,1.0
128,37.05,15.09,-125.03,0.56,810,82.61,89,8.16
32,23.84,52.02,-95.56,0.76,47,58.97,32,1.9
64,29.12,53.54,-116.69,0.71,34,47.61,25,3.66
32,29.78,30.65,-106.61,0.21,419,43.85,89,7.5
64,36.85,9.16,-109.85,0.57,470,42.13,99,5.39
128,29.1,26.33,-69.93,0.87,580,64.53,39,9.12
96,28.42,49.19,-67.58,0.43,997,51.07,64,12.47
32,12.0,54.6,-100.56,0.97,426,81.1,58,1.98
96,25.55,16.19,-113.59,0.45,366,65.61,14,8.54
32,14.51,8.68,-131.46,0.14,392,71.56,113,5.3
64,32.12,53.25,-63.73,0.39,818,44.1,0,9.0
96,25.37,26.42,-135.18,0.95,167,32.36,10,1.15
32,30.41,34.8,-116.19,0.32,578,54.83,54,6.72
64,11.25,58.24,-116.15,0.87,442,45.3,1,1.75
96,12.54,8.66,-114.37,0.88,57,39.11,64,1.78
96,31.49,40.66,-126.86,0.35,337,80.4,94,9.82
32,12.16,9.08,-77.35,0.08,442,52.42,43,11.73
32,12.14,25.65,-130.2,0.72,440,37.61,15,1.31
32,10.36,49.21,-89.21,0.31,65,38.93,117,2.34
64,38.7,28.84,-130.09,0.78,586,43.44,21,7.31
32,32.13,59.85,-134.36,0.44,277,82.96,105,4.78
96,20.6,35.75,-67.25,0.49,78,42.74,17,6.12
96,18.9,22.66,-124.79,0.78,737,46.08,46,5.45
32,20.49,17.11,-74.3,0.38,911,64.26,80,12.52
32,33.24,24.28,-96.43,0.44,610,44.17,29,10.64
128,29.84,25.49,-133.77,0.38,458,39.87,9,5.61
96,15.56,8.78,-63.56,0.37,802,36.73,98,9.13
64,15.22,25.33,-120.24,0.53,266,45.2,57,1.56
128,12.95,30.53,-71.23,0.81,681,33.83,61,6.79
32,29.81,44.75,-126.5,0.36,499,29.03,84,3.45
32,32.93,41.12,-71.68,0.52,755,72.26,79,9.56
96,17.95,43.98,-138.94,0.67,652,35.58,5,1.9
32,10.63,5.46,-99.06,0.27,58,70.68,66,3.92
64,12.47,16.97,-78.44,0.28,668,71.86,40,13.38
96,39.04,41.39,-65.22,0.93,325,57.59,42,6.43
32,18.86,31.62,-67.26,0.72,422,45.03,84,6.3
96,33.08,5.29,-74.43,0.58,443,35.98,76,9.51
32,28.74,49.25,-68.94,0.65,11,68.52,17,7.88
32,21.46,47.5,-124.06,0.03,850,61.08,57,7.16
32,16.17,35.16,-117.27,0.62,961,64.05,117,2.57
64,13.64,8.66,-116.88,0.51,154,28.48,59,1.97
64,28.45,47.16,-109.84,0.55,965,79.01,87,9.25
96,33.24,37.1,-108.53,0.36,375,31.65,26,8.34
32,29.32,48.01,-96.44,0.08,429,48.17,117,5.78
32,25.91,46.35,-127.21,0.19,582,50.15,67,2.4
64,11.26,49.17,-84.7,0.95,794,28.07,21,2.06
32,39.05,33.49,-126.59,0.41,570,55.34,23,9.64
64,33.96,12.72,-115.18,0.47,853,69.4,39,8.91
32,18.78,41.91,-99.73,0.05,453,73.28,108,7.42
96,39.4,39.13,-76.28,0.04,925,76.37,73,17.11
32,28.06,45.82,-80.84,0.72,443,54.82,65,5.2
32,27.47,14.34,-88.36,0.54,652,62.68,39,9.26
128,32.44,15.72,-127.54,0.51,564,32.37,5,7.87
64,34.35,53.97,-96.24,0.24,66,54.84,111,8.38
32,29.69,46.25,-133.0,0.74,571,36.51,17,1.0
32,13.84,54.95,-109.81,0.17,973,48.33,80,7.47
128,20.15,46.73,-106.92,0.19,986,46.11,101,7.04
128,37.84,37.84,-136.82,0.46,187,51.29,108,2.43
64,16.74,40.98,-118.08,0.29,302,59.44,86,4.61
128,21.17,53.9,-63.55,0.25,55,77.66,109,7.89
96,22.96,36.83,-63.71,0.65,179,49.7,29,8.89
128,23.18,39.78,-111.81,0.65,280,81.96,20,12.16
96,28.39,13.61,-136.55,0.82,426,69.75,61,6.37
64,38.29,31.07,-125.67,0.42,857,56.13,9,8.44
64,17.22,44.4,-108.62,0.07,148,63.42,119,6.7
64,13.65,19.9,-64.18,0.27,256,33.62,106,5.65
64,15.92,16.12,-128.7,0.98,157,74.45,12,2.05
64,36.61,22.26,-78.92,0.6,239,60.03,75,8.7
96,29.37,18.28,-131.31,0.71,801,82.23,8,8.74
96,18.58,16.82,-61.5,0.01,646,63.0,67,11.76
64,34.48,28.37,-109.47,0.52,713,73.88,38,8.92
128,35.84,54.93,-77.98,0.04,383,71.99,23,13.03
32,35.4,32.89,-112.59,0.57,89,47.0,117,5.25
64,37.57,15.34,-89.79,0.92,615,42.28,33,5.57
128,17.57,9.23,-124.64,0.97,747,51.68,102,1.33
32,32.65,43.29,-128.32,0.54,74,53.7,60,2.86
64,23.82,26.05,-64.95,0.46,97,41.2,40,9.84
64,35.26,50.2,-66.59,0.95,97,77.2,4,9.54
96,31.85,41.27,-69.0,0.67,722,57.84,78,10.0
32,33.29,48.79,-89.97,0.06,735,81.81,49,11.59
32,29.68,19.96,-75.34,0.47,213,72.55,3,11.94
128,15.32,43.08,-134.48,0.24,922,58.56,50,7.65
96,26.35,19.52,-113.22,0.47,391,80.09,51,8.26
96,39.54,56.65,-114.9,0.46,610,55.77,38,5.82
96,38.12,40.0,-89.15,0.58,485,76.79,7,9.7
96,11.3,22.85,-111.52,0.36,582,47.7,112,6.07
32,14.94,19.82,-128.12,0.16,792,48.83,44,3.73
32,13.95,15.5,-92.28,0.5,615,51.0,87,8.61
64,31.78,43.21,-74.85,0.83,828,58.06,116,6.58
64,34.53,17.03,-109.43,0.66,548,58.44,27,8.37
96,16.41,37.74,-129.42,0.34,223,55.3,118,3.57
96,25.18,19.55,-124.26,0.94,83,44.83,106,1.0
96,35.22,41.41,-121.0,0.91,70,79.0,26,4.39
64,31.98,49.82,-116.01,0.21,707,60.37,64,7.8
128,26.27,47.79,-88.58,0.04,552,50.43,33,9.32
128,27.71,46.85,-91.92,0.74,228,63.81,80,4.44
64,25.25,15.32,-84.31,0.83,21,70.24,100,4.54
64,18.93,9.86,-111.0,0.97,823,80.84,61,8.55
64,26.95,43.44,-74.08,0.89,424,55.48,61,6.84
64,30.67,25.26,-123.67,0.6,41,34.17,37,1.66
64,36.2,28.78,-102.48,0.53,169,52.24,25,8.47
64,29.09,6.71,-75.92,0.03,246,54.34,120,9.55
96,32.83,19.28,-125.59,0.25,748,77.33,23,7.93
96,14.8,6.85,-131.21,0.46,190,49.71,38,5.32
96,23.85,53.36,-69.31,0.63,838,80.43,20,13.88
96,10.28,18.39,-112.57,0.56,567,54.68,93,5.45
64,17.4,35.65,-85.29,0.74,350,81.56,46,4.6
128,31.79,7.14,-137.97,0.28,467,28.45,114,4.58
32,39.75,41.68,-84.8,0.56,89,77.43,47,8.32
64,12.98,22.77,-114.71,0.09,656,79.21,120,8.37
32,22.04,54.39,-135.54,0.41,781,80.86,12,4.76
128,34.0,53.85,-91.21,0.75,996,28.72,100,5.28
96,16.12,22.89,-120.74,0.69,829,37.44,2,2.94
128,26.65,54.55,-109.06,0.99,768,63.96,31,5.88
64,31.99,59.79,-133.55,0.28,482,29.4,34,1.04
96,28.48,50.4,-128.23,0.5,680,31.5,18,4.75
64,15.64,51.47,-116.16,0.33,724,40.16,13,3.81
96,20.66,18.7,-132.82,0.44,121,56.18,47,1.0
32,33.51,36.72,-67.13,0.86,989,58.02,85,10.04
32,26.63,8.7,-139.52,0.68,301,29.88,80,1.48
32,10.16,10.22,-101.29,0.88,959,37.37,67,5.86
128,32.83,59.94,-130.14,0.2,831,55.48,44,4.36
64,11.06,22.97,-115.39,0.87,640,60.67,103,1.66
128,32.37,46.15,-65.92,0.06,392,36.16,18,12.02
32,16.07,49.37,-127.06,0.89,26,49.94,63,1.0
64,38.74,52.19,-62.73,0.33,502,77.74,100,9.51
32,21.04,59.87,-123.54,0.31,340,82.94,65,5.53
128,19.81,18.28,-80.67,0.51,935,82.3,78,11.33
128,14.47,7.22,-96.27,0.94,748,76.49,65,5.32
128,19.17,27.62,-69.24,0.05,882,49.71,74,11.39
32,36.3,12.15,-95.68,0.35,495,65.76,44,11.28
64,39.89,6.23,-97.24,0.86,415,50.91,86,4.13
64,21.05,24.82,-124.36,0.4,126,63.67,73,5.41
32,23.46,48.11,-126.7,0.2,564,45.02,66,4.43
64,31.66,36.14,-66.68,0.42,889,61.34,68,11.3
32,36.59,22.2,-113.77,0.39,124,56.81,2,5.03
64,27.79,40.99,-110.23,0.92,804,29.35,37,1.0
96,21.75,17.76,-79.21,0.76,558,71.49,76,8.35
96,22.38,5.79,-112.89,0.51,823,28.65,41,4.97
128,30.87,47.04,-63.84,0.99,634,44.12,82,6.65
96,10.1,39.31,-80.97,0.47,556,28.33,39,7.09
96,28.59,46.93,-92.21,0.06,653,48.69,49,9.45
96,20.66,7.14,-69.53,0.26,345,31.47,34,9.59
32,33.83,51.04,-136.03,0.44,345,78.24,23,5.03
96,12.79,39.07,-119.43,0.16,990,50.86,87,7.92
96,27.65,35.99,-102.8,0.95,931,53.27,16,8.77
128,24.43,39.35,-121.84,0.77,898,47.24,39,5.85
96,29.27,52.54,-80.49,0.27,749,62.51,73,10.52
96,11.95,37.28,-66.46,0.59,156,71.14,65,8.2
64,27.4,36.95,-106.1,0.72,131,63.65,43,7.09
128,26.84,59.49,-112.63,0.94,90,69.15,22,4.5
128,26.82,46.62,-63.08,0.88,694,77.83,5,13.74
128,28.1,29.33,-104.41,0.52,675,75.5,65,8.89
128,30.29,43.91,-100.88,0.77,671,65.07,20,6.2
128,34.15,26.41,-111.87,0.56,384,39.81,118,4.04
128,18.09,17.59,-67.24,0.55,579,63.07,119,8.85
32,34.75,37.83,-94.48,0.11,72,55.83,34,11.01
96,24.95,56.05,-79.03,0.13,513,67.45,112,10.49
128,12.31,56.1,-75.06,0.53,677,73.81,28,8.57
96,11.76,23.8,-112.65,0.27,458,68.85,6,9.55
96,20.03,34.02,-105.3,0.02,437,74.56,92,8.91
32,33.55,16.64,-72.12,0.72,877,31.51,52,11.08
128,31.23,59.76,-110.94,0.03,436,29.74,36,6.4
64,33.66,58.96,-76.49,0.6,430,42.22,22,4.96
32,25.52,40.72,-64.72,0.54,331,77.54,96,8.54
64,23.21,49.24,-90.14,0.97,922,73.3,7,7.22
96,14.42,44.33,-80.67,0.48,689,65.55,75,6.15
96,19.85,37.62,-75.59,0.06,175,66.54,109,10.28
32,23.02,7.93,-72.4,0.55,606,67.97,47,12.82
32,12.66,30.01,-108.4,0.84,966,79.84,9,5.2
64,16.62,42.11,-135.9,1.0,658,73.77,78,2.88
128,27.95,42.26,-107.85,0.43,470,62.29,116,5.56
64,32.07,25.52,-86.1,0.32,468,64.61,23,11.03
32,39.95,56.79,-103.97,0.91,198,39.76,89,1.37
64,37.99,14.2,-80.08,0.19,473,64.15,46,12.85
32,29.28,32.52,-111.44,0.62,921,51.36,105,5.93
64,22.64,43.0,-89.22,0.41,388,36.41,52,4.22
32,29.09,43.34,-125.09,0.04,11,72.35,38,8.49
32,33.57,40.68,-80.05,0.35,627,56.06,66,10.09
32,13.55,20.14,-96.34,0.27,373,81.76,65,9.77
128,22.3,13.59,-123.67,0.69,81,43.49,5,3.34
64,35.19,39.98,-116.65,0.95,436,54.44,20,2.64
64,21.51,37.96,-80.11,0.27,647,52.64,72,10.61
64,27.16,14.86,-101.39,0.81,179,34.64,73,1.74
32,27.63,43.78,-122.72,0.06,214,51.44,35,5.9
64,15.53,30.03,-62.62,0.54,834,43.82,2,11.56
64,20.87,41.73,-82.79,0.07,346,36.82,104,6.53
32,20.04,51.06,-63.43,0.93,481,43.52,87,5.91
96,10.79,14.34,-105.83,0.77,204,40.83,85,2.05
32,10.73,6.05,-101.99,0.66,679,68.37,112,3.66
64,34.95,47.85,-68.16,0.82,662,29.69,77,6.8
32,18.19,38.53,-98.0,0.65,284,61.96,41,5.15
96,25.54,43.48,-83.42,0.97,16,69.84,44,9.59
32,18.96,51.1,-119.83,0.71,914,54.44,43,2.16
64,38.22,49.15,-104.26,0.92,988,79.24,90,6.92
96,17.78,57.85,-130.12,0.52,575,66.93,32,3.19
128,22.89,34.48,-123.52,0.12,625,69.14,59,8.52
64,36.18,31.87,-139.92,0.53,863,38.83,85,3.67
96,35.26,27.1,-136.86,0.13,859,70.75,92,7.59
96,15.58,13.45,-61.82,0.59,582,73.77,82,11.6
128,34.08,36.49,-120.61,0.48,608,47.87,82,5.87
32,23.75,20.24,-86.94,0.62,779,39.73,69,8.74
32,24.49,55.67,-72.87,0.01,187,49.18,108,6.34
64,14.0,37.08,-95.95,0.19,251,68.68,82,9.79
128,12.42,37.61,-127.75,0.49,212,50.97,76,2.91
32,31.84,24.52,-81.75,0.95,552,68.52,25,10.21
128,24.89,7.86,-91.98,0.38,810,34.25,85,9.26
32,23.11,6.75,-81.5,0.42,471,72.33,20,9.94
96,31.89,28.28,-78.42,0.71,89,41.93,99,5.42
32,32.97,9.65,-61.97,0.6,532,41.69,119,6.59
128,14.77,38.38,-94.11,0.3,426,60.47,1,8.97
96,28.31,53.45,-112.67,0.41,775,31.86,46,5.63
96,14.06,53.56,-88.12,0.22,393,29.45,107,4.39
96,32.54,41.25,-134.52,0.97,400,42.36,29,3.8
128,29.71,16.62,-68.21,0.13,905,57.59,26,15.16
64,38.7,52.46,-130.45,0.37,808,77.92,70,4.76
64,12.07,53.74,-113.77,0.03,697,74.55,19,13.67
64,11.71,15.82,-74.74,0.22,135,54.97,49,7.7
128,18.47,45.56,-92.22,0.78,503,30.04,94,4.6
96,17.85,20.76,-108.51,0.2,56,57.44,22,5.2
64,17.41,49.15,-102.13,0.08,727,66.76,12,9.86
128,37.19,59.85,-71.64,0.47,485,46.65,80,7.69
64,17.49,6.65,-112.8,0.01,958,34.11,3,5.47
32,18.16,54.36,-70.43,0.08,628,43.32,120,6.84
64,32.78,39.24,-132.95,0.81,473,70.44,13,4.8
64,23.49,58.54,-77.86,0.77,796,47.32,19,6.5
96,33.3,30.58,-72.2,0.92,858,72.66,12,11.85
128,11.96,51.61,-125.45,0.85,132,45.57,2,1.0
96,24.63,8.43,-105.57,0.68,483,37.0,89,5.2
96,11.01,23.44,-126.76,0.05,143,51.97,89,4.72
96,11.88,8.69,-83.47,0.78,628,52.88,81,6.73
96,37.19,58.64,-97.17,0.85,826,28.89,95,3.75
96,14.18,49.93,-89.17,0.8,850,34.44,77,2.51
64,25.97,51.89,-124.28,0.51,571,38.17,46,4.03
96,22.33,56.59,-123.06,0.23,858,34.25,2,5.56
96,20.42,9.68,-136.68,0.85,616,46.78,0,3.59
128,37.0,26.21,-114.23,0.73,789,81.05,89,9.75
32,10.65,8.91,-95.22,0.98,32,56.01,23,3.66
64,29.91,16.59,-71.37,0.16,575,62.52,112,10.63
64,38.9,17.62,-86.65,0.23,895,47.6,34,14.3
64,26.81,30.8,-105.17,0.21,775,45.79,13,7.32
96,38.1,19.77,-63.75,0.79,974,29.27,66,8.52
96,11.57,10.55,-82.46,0.19,244,55.52,12,11.1
96,22.56,14.21,-65.59,0.07,68,54.6,46,14.32
128,17.8,13.1,-97.79,1.0,173,36.68,49,2.66
32,31.92,58.52,-119.29,0.02,780,70.04,77,8.62
96,39.44,46.76,-135.77,0.84,835,55.1,84,2.08
32,17.7,58.23,-81.91,0.37,225,46.64,25,4.18
128,29.63,29.19,-130.3,0.84,192,36.08,2,4.76
64,15.94,20.31,-115.78,0.55,578,58.37,50,6.09
96,26.96,48.91,-97.4,0.9,666,69.4,39,8.42
32,23.92,22.94,-94.85,0.93,944,43.51,67,6.85
32,39.16,21.47,-91.95,0.01,99,40.03,35,6.38
96,28.26,17.79,-126.7,0.08,973,56.71,50,8.14
64,20.49,12.13,-109.62,0.25,320,36.54,106,5.39
64,13.42,19.11,-90.62,0.67,566,64.66,0,5.63
64,14.54,24.54,-62.41,0.89,981,61.29,103,6.54
128,16.76,42.07,-81.79,0.46,266,32.79,110,6.88
32,17.53,8.44,-66.19,0.61,542,30.01,32,6.94
32,35.52,16.58,-79.02,0.19,988,62.12,6,15.39
32,26.84,49.5,-92.66,0.8,542,44.19,116,2.83
128,25.7,13.08,-124.64,0.97,61,32.75,115,1.0
32,13.44,23.85,-86.67,0.27,347,69.77,51,5.96
128,35.8,52.56,-90.13,0.49,180,45.27,119,6.09
64,31.68,13.52,-91.8,0.09,957,53.28,10,15.44
96,12.03,9.55,-100.82,0.56,76,41.02,26,4.1
32,31.24,31.65,-97.71,0.5,634,62.5,13,9.02
32,26.31,21.63,-113.24,0.14,309,44.58,85,3.54
64,12.45,35.99,-98.45,0.44,681,81.24,79,6.67
96,23.75,49.21,-124.2,0.33,787,66.66,45,7.61
128,24.54,12.54,-75.59,0.52,841,35.52,75,10.92
96,14.97,36.94,-125.14,0.59,241,50.92,112,2.21
64,38.37,32.8,-133.2,0.01,984,49.2,109,4.82
64,35.5,12.92,-105.1,0.76,846,57.38,9,8.55
96,30.07,39.32,-87.34,0.71,77,74.31,23,6.67
128,23.87,20.05,-104.98,0.37,515,60.09,60,8.34
128,22.35,31.83,-117.86,0.05,37,31.39,109,4.05
32,29.53,9.52,-95.35,0.75,958,64.05,17,11.4
128,26.36,30.28,-112.24,0.96,637,28.45,85,3.11
96,11.87,21.86,-65.37,0.24,60,70.9,8,13.41
64,25.38,50.23,-66.19,0.32,702,64.66,16,10.55
32,34.19,8.13,-99.81,0.18,269,44.98,101,5.62
32,23.78,28.02,-113.77,0.58,600,44.08,103,5.66
64,11.56,30.21,-81.03,0.15,794,71.91,57,11.5
128,33.59,44.88,-137.06,0.36,629,71.08,12,6.98
64,16.04,36.59,-102.02,0.7,972,47.38,49,6.18
128,17.76,41.7,-113.09,0.56,595,44.44,100,5.11
64,14.94,47.74,-66.36,0.39,696,58.79,5,10.29
96,19.91,52.42,-139.04,0.42,193,28.46,84,1.0
128,32.7,22.26,-95.77,0.56,32,32.55,50,5.53
96,25.58,34.59,-80.75,0.01,795,34.94,35,11.53
32,16.15,51.21,-101.2,0.08,138,38.2,70,4.22
64,36.33,59.42,-133.17,0.88,300,56.16,99,2.44
32,36.39,53.92,-62.2,0.08,841,82.57,24,14.66
32,36.12,25.43,-98.56,0.71,510,63.89,10,6.94
32,17.16,15.73,-90.87,0.92,195,31.37,43,6.53
32,23.54,31.92,-121.07,0.27,488,56.91,13,6.85
64,39.55,45.79,-101.32,0.37,580,55.32,108,8.57
32,33.16,32.09,-105.67,0.57,501,35.93,28,6.33
64,10.82,31.57,-134.01,0.88,522,78.61,73,2.43
64,11.96,51.1,-131.51,0.94,652,52.24,49,1.0
96,23.92,24.88,-73.0,0.74,76,82.7,111,3.84
128,37.28,52.29,-120.81,0.09,814,51.1,4,8.46
128,26.16,27.37,-124.4,0.67,476,61.44,71,5.87
64,24.93,23.05,-99.61,0.41,294,33.76,109,1.0
96,13.16,29.97,-78.5,0.47,610,52.98,68,8.11
64,29.7,46.93,-135.04,0.05,426,41.13,87,5.14
64,34.66,11.93,-93.86,0.19,109,73.96,103,11.26
64,21.41,15.8,-130.46,0.79,198,71.12,56,4.47
96,33.27,57.33,-137.08,0.45,998,73.33,25,8.95
128,38.93,14.65,-135.78,0.3,899,67.8,5,13.67
96,16.11,36.23,-73.27,0.38,867,73.8,15,13.79
32,25.7,36.86,-130.56,0.85,397,39.05,59,1.0
96,18.61,31.93,-136.39,0.75,250,52.86,99,1.0
96,33.79,40.46,-104.97,0.27,791,66.05,11,11.2
96,27.33,17.64,-72.48,0.12,740,63.06,74,12.83
96,29.04,35.4,-119.01,0.25,426,67.4,2,10.64
128,33.94,25.47,-106.26,0.92,927,40.33,62,7.36
32,21.88,41.39,-136.81,0.58,185,33.41,107,1.0
128,37.45,12.77,-104.07,0.53,396,78.42,63,12.65
128,25.99,36.4,-93.79,0.6,480,58.81,61,7.29
96,14.74,15.19,-94.33,0.37,862,36.46,100,5.68
64,30.88,20.33,-113.41,0.81,242,71.64,5,6.73
64,33.8,17.03,-114.76,0.52,672,78.32,18,8.81
128,19.5,15.06,-131.47,0.12,461,37.33,17,8.26
128,35.72,50.41,-110.66,0.13,286,72.96,79,7.79
96,37.18,20.71,-132.04,0.54,238,79.33,86,6.43
128,18.31,55.99,-78.67,0.94,180,79.61,42,7.84
96,39.51,58.35,-62.7,0.31,744,78.28,100,11.75
64,14.22,36.42,-62.39,0.87,222,58.05,72,6.33
64,16.06,12.87,-70.79,0.76,291,47.59,2,6.36
32,15.53,25.6,-91.94,0.25,50,28.4,71,4.43
64,36.82,48.88,-83.93,0.04,131,31.35,37,9.18
128,29.63,25.21,-117.18,0.1,236,51.59,67,7.86
64,14.56,9.79,-89.54,0.73,303,49.96,75,5.27
96,23.21,35.62,-103.55,0.2,609,38.16,43,8.2
64,28.46,51.48,-101.44,0.37,276,49.75,94,4.48
32,12.5,48.78,-79.38,0.5,550,37.61,88,5.5
64,36.47,14.63,-117.45,0.73,768,74.68,116,9.3
96,34.11,42.0,-114.56,0.11,837,44.4,79,6.89
96,25.16,17.13,-66.03,0.41,460,60.92,62,14.02
128,39.01,17.0,-135.5,0.49,458,55.66,41,6.88
64,22.53,53.07,-101.15,0.54,765,30.85,63,7.15
96,39.52,18.73,-66.98,0.82,70,79.82,53,10.5
32,30.04,19.48,-91.17,0.17,511,57.0,77,10.61
128,29.04,5.04,-96.29,0.81,156,45.88,76,7.23
32,14.98,52.89,-120.02,0.69,695,36.7,104,1.0
64,36.46,48.59,-112.54,0.56,954,46.62,70,6.41
64,22.82,39.5,-71.84,0.7,799,29.13,75,8.32
64,14.87,46.26,-95.26,0.41,343,48.0,36,4.85
128,10.38,13.36,-98.82,0.14,890,57.23,113,8.67
96,26.79,30.21,-132.03,0.67,962,75.95,3,6.31
128,25.82,24.32,-138.72,0.52,900,65.81,1,10.43
32,31.58,10.16,-62.91,0.64,151,34.14,98,6.26
128,36.71,31.74,-109.84,0.34,53,36.13,43,8.34
32,12.38,55.64,-91.74,0.91,153,51.55,66,1.0
128,31.94,7.2,-133.62,0.59,874,38.76,67,8.06
96,15.62,21.03,-85.35,0.09,342,29.53,101,8.16
32,35.75,16.41,-65.39,0.45,506,72.28,75,11.69
64,34.57,18.1,-93.95,0.76,405,29.07,82,3.9
64,26.22,54.96,-129.91,0.79,64,73.69,73,1.0
128,31.31,30.74,-93.46,0.49,316,35.93,61,6.03
64,19.43,30.65,-78.69,0.89,879,81.61,0,11.77
32,24.14,46.83,-107.49,0.27,432,61.21,16,7.3
64,34.65,13.5,-69.61,0.41,426,68.42,15,11.43
96,23.78,31.8,-88.11,0.9,682,34.08,8,5.77
96,20.73,28.65,-68.06,0.9,806,75.42,120,8.44
128,24.83,37.83,-90.12,0.69,334,74.16,52,5.0
32,34.85,59.98,-129.5,0.86,719,63.91,72,2.4
96,20.06,47.32,-115.22,0.09,680,55.63,58,8.47
96,15.21,26.88,-123.86,0.86,89,67.68,118,1.05
32,31.36,50.52,-67.29,0.32,40,28.33,8,7.63
64,34.78,14.39,-79.17,0.18,994,60.58,11,15.41
64,13.02,6.68,-85.89,0.24,121,74.61,118,7.77
128,17.2,16.24,-115.92,0.42,567,47.63,40,7.99
64,14.26,23.72,-125.28,0.25,874,33.96,14,8.03
32,20.44,33.08,-79.48,0.32,726,51.15,65,6.28
96,23.51,38.83,-102.07,0.13,573,67.99,74,8.71
64,32.46,55.08,-121.94,0.3,659,33.9,10,9.04
128,29.53,33.04,-90.67,0.57,481,39.33,7,8.63
64,28.63,32.57,-136.77,0.44,83,36.12,54,1.9
32,20.57,7.76,-113.91,0.35,562,71.83,95,6.91
128,35.24,6.92,-102.52,0.75,488,31.46,5,9.82
64,24.14,35.31,-128.16,0.89,598,65.76,52,2.05
128,39.37,29.1,-61.23,0.76,396,48.16,19,12.47
32,29.02,51.15,-123.27,0.33,708,69.57,38,6.33
96,13.79,13.84,-129.57,0.74,891,81.04,98,4.52
32,30.29,6.37,-123.72,0.15,573,34.3,71,6.1
32,19.75,29.7,-78.48,0.13,939,45.29,113,8.9
32,30.59,18.06,-105.96,0.35,442,72.56,112,7.03
32,12.09,7.73,-94.77,0.81,421,42.64,106,4.67
96,15.25,44.85,-138.32,0.25,476,39.83,33,2.05
96,35.67,11.14,-137.25,0.06,608,73.4,56,10.42
128,16.82,38.46,-104.33,0.13,630,82.29,116,10.02
64,35.11,20.46,-74.67,0.86,918,58.63,119,9.05
96,18.38,14.54,-69.18,0.63,746,43.29,18,11.13
96,29.29,25.89,-133.06,0.25,257,49.92,70,4.59
64,30.82,49.08,-96.93,0.56,590,37.36,30,6.95
96,25.38,26.57,-66.94,0.53,129,69.9,81,10.48
32,19.16,46.29,-108.96,0.66,76,70.54,39,5.1
32,16.38,11.9,-73.63,0.23,582,76.13,13,9.67
64,11.0,47.5,-129.3,0.86,965,29.46,102,1.0
128,19.12,18.03,-65.17,0.31,336,58.91,116,11.53
128,29.59,42.26,-79.89,0.69,929,39.78,99,7.1
64,38.15,36.12,-64.69,0.02,712,46.75,80,11.88
64,36.14,56.1,-85.87,0.37,479,71.17,36,8.9
32,32.98,26.3,-110.93,0.35,502,38.56,43,4.84
128,33.65,8.64,-64.95,0.54,710,63.11,8,15.54
96,29.95,6.05,-117.95,0.07,672,64.0,57,14.33
32,17.81,50.48,-113.43,0.79,295,80.48,19,3.22
64,37.22,33.86,-83.94,0.22,965,70.63,108,11.35
128,30.12,47.64,-78.77,0.68,923,72.2,120,9.49
96,26.81,17.89,-65.65,0.8,617,57.24,91,6.81
96,13.33,23.98,-123.62,0.56,321,38.27,49,1.7
32,23.41,6.66,-76.16,0.74,318,51.41,19,7.98
128,23.81,57.88,-80.92,0.66,784,58.22,104,5.84
128,35.94,41.73,-134.9,0.36,106,65.31,35,8.02
64,26.4,56.33,-109.02,0.81,974,61.42,116,2.17
128,21.41,19.6,-117.38,0.29,122,49.67,26,8.12
128,39.3,38.63,-115.64,0.57,997,42.59,71,9.77
32,13.32,42.32,-61.36,0.75,646,37.25,31,6.74
128,22.68,22.47,-88.58,0.38,465,66.16,0,11.1
96,11.26,51.65,-82.59,0.3,472,63.5,16,8.99
32,32.2,57.09,-61.87,0.46,957,65.81,120,9.21
32,37.54,53.67,-109.82,0.82,141,48.49,8,1.0
64,18.4,45.65,-75.85,0.93,939,42.43,83,3.66
128,35.75,20.26,-105.24,0.55,974,69.78,44,11.42
64,18.77,20.49,-70.44,0.66,938,70.55,95,8.52
96,37.32,57.98,-125.55,0.9,130,53.06,65,1.11
32,32.62,5.57,-64.19,0.1,206,61.65,31,14.06
32,34.15,44.38,-122.5,0.23,815,48.54,44,7.11
32,10.54,43.84,-113.9,0.71,491,66.61,8,5.44
96,38.88,39.25,-79.5,0.82,643,73.96,29,11.07
96,31.8,59.46,-108.5,0.86,803,65.85,83,5.75
64,19.14,22.15,-91.34,0.42,906,56.19,37,8.4
64,34.88,23.7,-104.43,0.09,781,53.23,59,8.55
64,18.45,9.34,-80.61,0.44,48,63.33,0,8.85
128,36.18,29.35,-121.73,0.23,575,65.39,120,7.19
32,13.38,19.36,-135.32,0.29,521,58.73,4,5.12
32,31.11,23.89,-116.01,0.77,483,62.37,62,3.44
64,26.22,50.9,-102.06,0.08,170,33.31,98,5.82
32,12.9,56.45,-126.56,0.83,298,80.35,35,1.0
64,17.26,15.22,-111.62,0.43,209,71.49,64,5.85
128,10.37,25.49,-108.0,0.6,797,48.57,77,5.46
128,24.06,56.07,-135.41,0.09,537,58.95,72,7.42
96,19.04,8.4,-93.34,0.34,926,30.6,93,10.65
128,27.95,10.08,-69.25,0.09,694,30.27,23,15.9
64,18.92,13.95,-127.86,0.96,512,41.79,3,1.0
128,19.0,37.74,-92.18,0.81,257,65.93,113,4.27
96,32.3,13.28,-86.82,0.46,392,74.87,77,9.99
32,11.44,58.24,-106.45,0.22,227,58.76,88,3.89
64,37.09,29.57,-83.91,0.93,96,57.27,67,6.45
32,35.57,32.58,-107.14,0.34,91,50.13,24,5.76
96,30.03,18.57,-99.63,0.16,71,36.89,73,6.29
96,27.8,30.9,-139.41,0.56,808,34.51,98,1.31
96,36.77,41.41,-84.66,0.94,509,69.84,118,2.85
32,15.56,46.31,-87.09,0.0,51,79.01,6,7.57
32,12.37,46.46,-136.93,0.24,21,53.21,105,1.43
32,17.19,36.78,-110.54,0.94,842,64.27,12,7.0
32,33.84,54.74,-61.68,0.17,755,78.3,67,14.97
96,11.04,49.96,-106.34,0.11,850,32.96,113,6.15
96,27.48,46.64,-99.84,0.57,652,70.38,42,6.74
64,39.86,8.06,-67.21,0.86,124,61.92,56,7.88
64,35.67,5.38,-82.62,0.48,227,60.93,35,7.98
32,25.64,16.68,-93.43,0.99,658,44.09,119,2.79
128,11.91,41.49,-76.18,0.68,115,65.61,13,7.55
128,34.94,27.62,-70.85,0.07,700,71.71,81,13.2
96,27.97,27.13,-103.45,0.99,537,34.21,71,4.09
96,13.45,53.65,-101.99,0.41,481,57.34,95,5.63
